EstacaoCodigo,NivelConsistencia,Data,TipoMedicaoChuvas,Maxima,Total,DiaMaxima,NumDiasDeChuva,Chuva01,Chuva02,Chuva03,Chuva04,Chuva05,Chuva06,Chuva07,Chuva08,Chuva09,Chuva10,Chuva11,Chuva12,Chuva13,Chuva14,Chuva15,Chuva16,Chuva17,Chuva18,Chuva19,Chuva20,Chuva21,Chuva22,Chuva23,Chuva24,Chuva25,Chuva26,Chuva27,Chuva28,Chuva29,Chuva30,Chuva31,Estacao,NumDiasSemChuva,Classificacao_Chuva,Ano
469001,1,2025-12-01,1,190.3,498.6,2.0,25,32.5,190.3,10.3,0.0,11.4,0.2,10.3,28.0,21.5,0.0,0.4,0.0,0.2,4.1,8.3,7.1,5.0,75.9,22.3,0.1,0.0,3.7,0.0,3.6,20.7,5.0,20.3,8.0,2.7,6.7,0.0,Verão,6,Muito Chuvoso,2025
469001,1,2025-11-01,1,112.5,330.29999999999995,23.0,17,0.0,0.0,1.5,0.3,6.7,0.0,5.7,5.2,0.0,41.5,5.2,0.0,0.0,0.0,14.8,0.0,0.3,0.0,37.8,0.1,0.0,0.0,112.5,23.5,0.0,0.0,13.1,33.4,8.2,20.5,,Primavera,13,Muito Chuvoso,2025
469001,1,2025-10-01,1,33.5,205.2,1.0,20,33.5,1.3,0.0,0.0,0.0,7.3,0.0,7.3,0.0,2.1,0.0,0.9,4.7,0.0,5.7,5.7,7.8,22.7,0.0,0.3,0.0,0.0,29.7,21.2,21.8,2.0,0.0,12.5,5.2,12.4,1.1,Primavera,11,Normal,2025
469001,1,2025-09-01,1,66.5,264.0,26.0,16,34.8,0.4,0.0,15.7,0.0,1.4,11.4,0.0,11.4,0.0,11.1,13.2,1.1,0.0,0.0,1.7,28.7,0.4,0.0,0.0,0.0,0.0,0.0,0.0,34.0,66.5,0.0,0.0,16.0,16.2,,Primavera,14,Normal,2025
469001,1,2025-08-01,1,39.0,82.0,6.0,10,0.0,0.0,8.2,0.4,0.0,39.0,0.0,0.0,0.0,0.0,8.9,0.0,0.0,0.0,7.6,0.0,0.4,2.9,0.0,0.0,0.0,13.3,0.4,0.0,0.9,0.0,0.0,0.0,0.0,0.0,0.0,Inverno,21,Muito Seco,2025
469001,1,2025-07-01,1,45.6,194.1,29.0,9,0.0,0.0,0.0,0.0,0.0,0.0,0.0,18.1,0.1,0.0,0.0,0.0,0.0,0.0,0.0,0.0,39.1,33.7,0.0,0.0,0.0,0.0,36.5,0.0,0.0,6.1,0.0,0.0,45.6,13.3,1.6,Inverno,22,Normal,2025
469001,1,2025-06-01,1,36.9,158.2,23.0,14,0.0,0.2,0.3,0.0,32.9,14.6,0.0,2.9,0.0,0.0,0.0,0.0,0.0,0.0,1.5,0.0,24.7,0.1,3.1,0.0,0.0,14.3,36.9,0.0,0.0,10.5,16.0,0.0,0.2,0.0,,Inverno,16,Normal,2025
469001,1,2025-05-01,1,38.8,225.49999999999994,27.0,17,0.0,0.4,2.7,17.2,1.4,0.0,0.0,0.0,0.0,0.0,14.5,0.0,7.5,5.2,0.0,12.5,0.0,17.6,0.0,13.2,0.0,18.2,20.0,0.0,24.2,15.1,38.8,0.0,16.9,0.1,0.0,Outono,14,Normal,2025
469001,1,2025-04-01,1,144.9,342.5,2.0,20,11.1,144.9,0.6,1.8,34.8,7.0,0.1,0.0,26.3,0.3,6.9,7.2,0.5,0.5,0.0,0.0,0.0,13.7,8.6,0.0,0.0,0.0,0.0,0.0,20.1,25.7,0.2,27.5,0.0,4.7,,Outono,10,Muito Chuvoso,2025
469001,1,2025-03-01,1,89.9,309.90000000000003,19.0,17,0.0,0.0,12.4,7.3,17.4,4.4,1.1,0.0,0.0,0.0,0.0,0.0,6.0,1.0,53.2,27.3,0.2,0.7,89.9,0.0,0.0,14.4,0.0,0.0,0.0,7.4,0.0,0.1,0.0,37.8,29.3,Outono,14,Muito Chuvoso,2025
469001,1,2025-02-01,1,83.1,484.59999999999997,18.0,25,17.3,16.3,51.0,0.3,31.4,13.1,23.4,31.3,0.9,5.3,4.1,1.3,18.0,62.0,0.1,0.0,7.6,83.1,0.2,0.0,43.7,1.4,22.3,27.3,8.0,0.3,0.0,14.9,,,,Verão,3,Muito Chuvoso,2025
469001,1,2025-01-01,1,54.3,292.1,30.0,22,25.6,36.9,0.9,4.1,13.9,1.9,4.8,10.8,0.0,23.1,4.4,0.0,6.9,12.9,4.7,0.0,0.0,0.0,0.0,0.0,21.4,3.3,17.3,0.0,0.2,12.3,16.5,0.9,0.0,54.3,15.0,Verão,9,Muito Chuvoso,2025
469001,1,2024-12-01,1,69.6,345.19999999999993,10.0,18,0.0,0.0,0.0,7.0,1.5,44.5,0.0,6.4,13.1,69.6,6.8,0.0,0.0,0.7,0.0,0.0,16.3,13.7,2.2,16.1,0.0,0.0,0.0,0.5,20.5,1.3,54.4,0.0,34.7,0.0,35.9,Verão,13,Muito Chuvoso,2024
469001,1,2024-11-01,1,85.7,365.70000000000005,3.0,20,0.0,0.0,85.7,5.4,0.0,0.0,13.5,2.4,22.0,0.3,0.0,0.0,82.5,5.3,5.2,0.0,0.0,16.6,0.0,0.0,24.0,2.3,18.5,2.3,17.5,2.7,31.5,22.6,2.1,3.3,,Primavera,10,Muito Chuvoso,2024
469001,1,2024-10-01,1,70.4,253.39999999999998,23.0,11,0.0,0.0,0.0,46.5,0.0,0.0,0.0,0.0,0.0,0.0,2.8,0.0,0.0,22.9,0.0,0.0,0.0,0.0,2.9,0.0,0.0,5.4,70.4,0.0,31.5,1.4,5.2,13.1,51.3,0.0,0.0,Primavera,20,Normal,2024
469001,1,2024-09-01,1,34.1,76.30000000000001,23.0,8,0.0,9.6,6.0,0.0,0.0,0.0,21.6,0.0,0.0,0.0,0.0,0.0,0.0,0.0,0.0,0.5,0.0,1.0,0.0,0.0,0.0,0.0,34.1,0.0,0.0,0.0,0.3,3.2,0.0,0.0,,Primavera,22,Muito Seco,2024
469001,1,2024-08-01,1,110.0,171.5,26.0,6,0.0,13.5,0.0,1.5,0.0,0.0,4.4,0.0,0.0,0.0,0.0,0.0,0.0,0.0,0.0,0.0,0.0,0.0,0.0,5.5,36.6,0.0,0.0,0.0,0.0,110.0,0.0,0.0,0.0,0.0,0.0,Inverno,25,Normal,2024
469001,1,2024-07-01,1,9.5,13.9,30.0,5,0.5,2.5,0.0,0.0,0.0,0.0,0.0,0.0,0.0,0.0,0.0,1.2,0.0,0.0,0.0,0.0,0.0,0.0,0.0,0.2,0.0,0.0,0.0,0.0,0.0,0.0,0.0,0.0,0.0,9.5,0.0,Inverno,26,Muito Seco,2024
469001,1,2024-06-01,1,26.5,117.5,9.0,14,0.0,0.0,0.0,22.3,2.2,0.0,16.7,3.2,26.5,15.0,17.2,8.2,0.2,0.1,0.0,0.2,0.9,0.0,0.0,0.0,2.3,0.0,0.0,0.0,0.0,0.0,0.0,2.5,0.0,0.0,,Inverno,16,Muito Seco,2024
469001,1,2024-05-01,1,113.2,410.6,15.0,22,4.8,4.4,3.2,0.0,23.6,0.0,40.3,0.0,0.0,16.4,4.8,0.0,17.1,0.0,113.2,2.0,0.1,15.3,57.1,14.2,4.8,0.0,0.1,8.3,11.6,65.9,0.6,1.4,1.4,0.0,0.0,Outono,9,Muito Chuvoso,2024
469001,1,2024-04-01,1,49.8,247.0,4.0,18,0.0,0.0,0.0,49.8,9.5,4.7,0.4,0.0,0.0,0.0,0.0,0.0,0.1,3.0,0.0,8.8,22.8,4.8,47.7,2.3,1.4,0.0,16.0,14.4,0.0,44.8,14.5,0.6,1.4,0.0,,Outono,12,Normal,2024
469001,1,2024-03-01,1,139.8,421.99999999999994,1.0,21,139.8,9.6,9.6,0.0,0.0,25.8,3.8,54.3,0.0,22.3,2.4,17.3,1.0,0.0,2.8,4.8,0.1,0.1,0.4,0.0,0.3,0.0,1.2,117.8,0.0,0.0,3.4,2.8,0.0,2.4,0.0,Outono,10,Muito Chuvoso,2024
469001,1,2024-02-01,1,74.0,437.69999999999993,18.0,21,17.4,0.1,5.6,3.8,15.9,48.2,26.2,0.1,0.0,16.5,73.8,29.0,12.1,23.0,13.2,26.3,35.9,74.0,0.1,0.0,9.6,0.0,0.0,0.0,6.5,0.4,0.0,0.0,0.0,,,Verão,8,Muito Chuvoso,2024
469001,1,2024-01-01,1,56.8,348.30000000000007,31.0,22,0.0,13.2,6.8,0.0,29.4,0.0,0.0,4.4,8.7,0.0,33.1,5.9,0.0,2.5,0.0,22.6,10.4,41.7,2.1,6.7,0.0,23.3,23.6,0.9,0.0,43.0,6.1,1.1,3.7,2.3,56.8,Verão,9,Muito Chuvoso,2024
469001,1,2023-12-01,1,89.2,351.19999999999993,21.0,22,22.3,0.0,10.6,16.6,3.1,12.3,8.4,0.7,0.0,6.1,34.5,18.9,0.0,12.7,20.6,13.9,9.2,0.2,0.0,0.0,89.2,0.0,0.0,3.1,0.0,10.6,0.2,41.2,6.4,0.0,10.4,Verão,9,Muito Chuvoso,2023
469001,1,2023-11-01,1,72.0,418.80000000000007,21.0,15,0.0,0.0,0.0,27.5,54.1,0.0,0.0,11.3,0.0,39.5,0.0,9.5,0.0,31.3,7.7,0.0,0.0,24.3,23.0,0.0,72.0,0.0,0.0,8.0,31.3,6.6,0.0,31.1,0.0,41.6,,Primavera,15,Muito Chuvoso,2023
469001,1,2023-10-01,1,34.7,120.70000000000002,13.0,9,0.0,0.0,0.0,0.0,0.0,0.0,0.0,0.0,0.0,2.3,0.0,3.9,34.7,18.8,0.0,0.0,3.5,0.0,0.0,18.7,27.1,9.2,0.0,0.0,0.0,0.0,2.5,0.0,0.0,0.0,0.0,Primavera,22,Muito Seco,2023
469001,1,2023-09-01,1,47.6,160.6,13.0,13,0.4,16.2,0.0,0.0,4.9,0.0,0.0,0.0,0.0,17.6,11.9,0.0,47.6,0.0,0.0,0.5,0.3,0.0,13.7,0.0,17.3,0.0,0.0,4.2,0.0,0.0,0.3,0.0,25.7,0.0,,Primavera,17,Normal,2023
469001,1,2023-08-01,1,19.2,45.8,13.0,7,0.0,2.7,0.9,0.0,0.0,0.0,0.0,9.9,11.2,0.0,0.0,0.0,19.2,0.0,0.0,0.0,0.0,0.0,0.0,0.0,0.0,0.0,0.0,0.0,1.4,0.5,0.0,0.0,0.0,0.0,0.0,Inverno,24,Muito Seco,2023
469001,1,2023-07-01,1,55.0,211.7,15.0,12,0.0,0.0,9.3,0.0,9.5,2.3,0.0,0.0,8.0,0.0,18.9,0.0,0.1,13.5,55.0,23.0,0.0,0.0,0.0,38.5,10.8,0.0,0.0,22.8,0.0,0.0,0.0,0.0,0.0,0.0,0.0,Inverno,19,Normal,2023
469001,1,2023-06-01,1,34.7,176.9,2.0,16,7.7,34.7,2.1,0.4,0.6,9.1,10.3,29.1,6.0,0.2,9.1,0.0,18.0,8.9,0.0,0.0,0.0,0.0,0.0,0.0,0.0,0.0,9.5,0.0,0.0,27.5,0.0,0.0,0.0,3.7,,Inverno,14,Normal,2023
469001,1,2023-05-01,1,109.7,414.63000000000005,10.0,20,0.0,39.8,0.0,0.0,26.3,29.0,8.0,0.0,29.8,109.7,0.0,39.3,0.0,1.4,37.9,32.03,14.4,0.0,0.0,2.2,13.4,22.4,4.2,1.4,0.0,0.1,2.7,0.1,0.5,0.0,0.0,Outono,11,Muito Chuvoso,2023
469001,1,2023-04-01,1,77.1,365.09999999999997,2.0,20,2.7,77.1,23.4,1.1,0.0,0.0,23.8,2.3,71.8,14.8,0.0,0.0,0.0,0.0,0.0,0.1,14.2,0.0,0.1,0.0,0.1,20.3,0.1,0.3,23.8,0.0,9.9,1.5,23.5,54.2,,Outono,10,Muito Chuvoso,2023
469001,1,2023-03-01,1,61.1,216.7,24.0,17,23.4,6.7,0.0,2.9,5.1,16.9,16.4,0.1,0.0,0.5,28.9,6.9,1.9,0.0,0.0,0.0,0.0,0.0,0.0,0.0,0.0,0.0,0.0,61.1,4.6,3.1,23.2,0.0,0.0,12.6,2.4,Outono,14,Normal,2023
469001,1,2023-02-01,1,88.0,469.59999999999997,5.0,22,0.0,44.9,2.6,0.0,88.0,1.7,0.0,59.5,6.6,4.6,33.8,22.4,31.1,0.1,0.0,22.5,12.2,2.5,29.9,12.3,3.1,0.0,45.0,31.2,1.2,9.5,0.0,4.9,,,,Verão,6,Muito Chuvoso,2023
469001,1,2023-01-01,1,76.9,454.1,1.0,22,76.9,8.3,0.5,0.0,18.9,11.1,12.8,22.3,0.0,0.0,4.8,5.6,20.5,0.0,48.0,0.0,8.4,34.5,63.5,2.6,0.0,0.0,12.1,12.2,13.6,0.5,0.0,11.4,0.0,65.5,0.1,Verão,9,Muito Chuvoso,2023
469001,1,2022-12-01,1,86.0,347.90000000000003,26.0,17,0.0,0.0,0.2,0.0,0.0,0.0,0.0,0.0,0.0,3.0,0.0,0.0,0.0,1.9,0.5,41.1,8.4,11.2,37.0,42.9,48.3,7.6,4.1,1.8,0.0,86.0,21.1,0.0,26.6,6.2,0.0,Verão,14,Muito Chuvoso,2022
469001,1,2022-11-01,1,107.2,492.30000000000007,23.0,15,0.0,82.1,0.0,0.0,0.0,0.0,0.0,0.0,0.0,1.4,0.0,0.0,0.0,37.2,0.2,52.6,71.2,0.4,0.0,52.6,0.0,26.3,107.2,0.1,0.0,33.2,3.2,24.5,0.1,0.0,,Primavera,15,Muito Chuvoso,2022
469001,1,2022-10-01,1,68.3,209.1,23.0,15,0.0,0.0,6.8,0.0,0.0,0.0,11.6,43.6,0.0,9.0,0.0,9.9,0.0,0.0,0.0,9.0,0.0,6.3,0.0,3.4,1.1,0.0,68.3,1.1,1.0,0.0,5.0,2.6,30.4,0.0,0.0,Primavera,16,Normal,2022
469001,1,2022-09-01,1,38.9,108.6,11.0,6,0.0,0.0,0.0,7.5,0.0,0.0,0.0,0.0,5.7,3.7,38.9,0.0,0.0,0.0,0.0,30.2,0.0,0.0,0.0,0.0,0.0,0.0,0.0,0.0,0.0,0.0,0.0,0.0,0.0,22.6,,Primavera,24,Muito Seco,2022
469001,1,2022-08-01,1,38.5,149.89999999999998,29.0,12,0.3,0.1,0.0,0.0,8.4,0.0,0.0,0.0,0.0,0.3,0.0,0.0,0.0,13.3,18.3,0.0,27.3,4.0,7.0,0.0,0.0,0.0,0.0,0.0,0.0,0.0,14.7,0.0,38.5,17.7,0.0,Inverno,19,Normal,2022
469001,1,2022-07-01,1,77.6,190.5,10.0,18,0.0,0.0,0.0,0.0,13.1,0.2,0.0,14.2,4.2,77.6,4.5,3.9,0.3,0.0,0.0,0.0,15.0,7.5,19.5,0.1,0.0,0.0,0.0,14.4,4.1,0.0,6.5,4.4,0.7,0.0,0.3,Inverno,13,Normal,2022
469001,1,2022-06-01,1,43.9,199.7,10.0,15,28.0,43.2,0.0,16.0,5.0,0.1,0.0,32.5,0.1,43.9,4.2,0.0,0.0,0.0,0.0,0.0,0.0,0.0,0.0,0.9,0.1,0.4,0.0,0.0,15.0,2.5,7.8,0.0,0.0,0.0,,Inverno,15,Normal,2022
469001,1,2022-05-01,1,20.0,110.10000000000002,27.0,16,16.0,0.1,10.3,6.3,0.0,8.7,4.7,16.0,0.0,0.0,0.0,2.1,0.0,10.3,0.1,1.2,0.0,2.0,0.0,0.0,0.0,0.0,0.0,0.0,0.0,0.9,20.0,0.0,2.7,0.0,8.7,Outono,15,Muito Seco,2022
469001,1,2022-04-01,1,97.7,409.50000000000006,18.0,24,0.6,39.4,6.5,0.1,0.0,0.0,9.6,2.6,19.6,16.6,13.8,1.1,0.0,30.6,46.7,48.7,26.2,97.7,9.3,0.9,13.0,0.1,0.0,0.0,0.3,0.4,0.0,0.1,4.8,20.8,,Outono,6,Muito Chuvoso,2022
469001,1,2022-03-01,1,98.0,626.1999999999999,17.0,28,1.9,0.2,5.2,0.0,0.5,1.4,13.2,32.0,43.5,0.1,19.4,77.4,40.0,0.2,13.7,8.2,98.0,0.1,37.1,0.1,0.0,0.0,46.3,3.3,22.3,7.8,31.7,43.7,43.8,34.1,1.0,Outono,3,Muito Chuvoso,2022
469001,1,2022-02-01,1,109.9,350.3,22.0,18,0.0,0.3,45.1,23.4,17.6,0.1,1.7,15.1,14.9,0.0,0.0,0.1,58.4,9.7,0.0,0.0,0.0,1.0,0.0,0.0,0.1,109.9,22.0,1.0,1.0,28.9,0.0,0.0,,,,Verão,10,Muito Chuvoso,2022
469001,1,2022-01-01,1,132.2,427.20000000000005,7.0,23,68.1,17.8,0.0,56.8,1.6,0.0,132.2,1.2,1.0,3.8,1.3,0.0,10.0,0.1,0.8,42.8,2.8,0.0,0.0,3.6,4.9,43.6,0.4,0.2,6.3,27.7,0.1,0.0,0.1,0.0,0.0,Verão,8,Muito Chuvoso,2022
469001,1,2021-12-01,1,99.3,451.49999999999994,7.0,21,12.4,0.0,3.3,0.0,17.0,1.9,99.3,0.1,18.6,0.1,63.2,0.0,0.0,4.8,31.4,53.4,39.1,3.1,41.3,24.1,3.0,20.3,0.1,13.8,0.0,0.0,1.2,0.0,0.0,0.0,0.0,Verão,10,Muito Chuvoso,2021
469001,1,2021-11-01,1,90.6,349.01000000000005,12.0,20,3.6,8.1,0.01,0.0,4.0,0.0,5.7,38.6,0.0,36.7,0.1,90.6,5.4,0.0,2.0,0.0,18.4,27.2,0.0,1.4,0.1,42.4,0.0,4.0,4.1,0.0,0.0,39.5,0.0,17.1,,Primavera,10,Muito Chuvoso,2021
469001,1,2021-10-01,1,39.5,243.3,26.0,19,9.0,0.0,14.9,0.0,10.2,0.5,12.6,0.1,0.0,0.0,0.0,34.2,7.4,0.0,0.4,0.0,33.5,29.4,0.5,9.8,12.9,0.1,0.0,0.0,0.0,39.5,0.0,2.3,0.0,5.3,20.7,Primavera,12,Normal,2021
469001,1,2021-07-01,1,20.7,79.50000000000001,19.0,11,0.0,0.0,0.0,0.0,0.0,19.9,0.0,4.3,0.0,4.5,1.6,0.0,0.0,2.5,0.0,0.0,10.6,14.7,20.7,0.1,0.0,0.0,0.0,0.0,0.0,0.0,0.0,0.4,0.2,0.0,0.0,Inverno,20,Muito Seco,2021
469001,1,2021-06-01,1,44.9,180.6,17.0,21,0.0,0.0,2.5,3.1,0.0,0.0,19.2,5.2,0.0,2.1,2.3,3.2,0.1,0.0,0.0,3.7,44.9,14.5,1.7,6.3,8.4,6.4,0.1,6.4,0.0,4.6,2.6,0.0,43.2,0.1,,Inverno,9,Normal,2021
469001,1,2021-05-01,1,90.6,323.4,31.0,20,52.4,7.0,0.0,12.2,1.0,48.2,8.7,27.4,8.0,1.0,0.0,1.7,1.5,2.0,22.2,10.8,8.0,0.0,0.0,0.0,0.0,0.0,6.2,9.2,3.3,0.0,0.0,0.0,0.0,2.0,90.6,Outono,11,Muito Chuvoso,2021
469001,1,2021-04-01,1,79.1,372.7,2.0,21,0.0,79.1,2.2,11.2,1.6,0.8,0.0,5.0,0.0,6.6,26.6,0.0,0.0,3.2,0.5,0.0,26.4,46.4,46.4,2.6,5.9,0.0,0.3,0.0,0.0,19.8,3.4,29.4,45.7,9.6,,Outono,9,Muito Chuvoso,2021
469001,1,2021-03-01,1,151.4,472.7,9.0,20,31.2,21.4,51.2,0.0,15.1,0.8,9.4,35.2,151.4,1.5,0.0,1.0,0.0,0.0,2.3,0.0,0.7,0.0,0.0,0.0,0.0,0.0,6.3,1.4,19.4,12.9,0.1,0.0,58.6,43.5,9.3,Outono,11,Muito Chuvoso,2021
469001,1,2021-02-01,1,43.2,200.49999999999997,10.0,19,27.2,2.3,7.2,7.2,35.1,7.2,0.0,0.0,0.0,43.2,0.0,1.0,4.6,6.2,0.0,0.0,2.9,1.3,1.0,4.2,0.0,8.7,0.0,0.0,0.2,8.7,27.4,4.9,,,,Verão,9,Normal,2021
469001,1,2021-01-01,1,116.6,664.9,19.0,28,0.0,18.0,7.2,0.0,40.4,41.1,47.4,6.9,1.9,1.5,1.5,0.6,73.2,1.1,23.9,30.7,17.2,21.7,116.6,67.2,2.5,1.5,28.0,28.6,0.1,0.0,11.0,41.1,24.3,2.9,6.8,Verão,3,Muito Chuvoso,2021
469001,1,2020-12-01,1,56.8,225.7,18.0,20,6.5,6.2,2.2,33.7,21.9,5.5,0.0,0.3,0.0,0.0,31.9,1.0,0.0,12.0,3.8,22.3,0.2,56.8,3.0,0.0,0.0,5.1,0.2,0.0,0.0,3.6,0.0,9.3,0.2,0.0,0.0,Verão,11,Normal,2020
469001,1,2020-11-01,1,57.9,217.8,28.0,16,0.0,0.0,0.0,0.0,0.0,0.0,0.0,0.4,0.0,0.5,54.8,0.0,0.0,4.5,0.0,6.0,6.4,8.8,17.4,0.0,0.0,2.4,3.8,15.1,0.4,13.9,0.0,57.9,0.3,25.2,,Primavera,14,Normal,2020
469001,1,2020-10-01,1,23.0,92.29999999999998,22.0,8,0.0,0.0,0.0,0.0,10.8,0.0,0.0,0.0,1.5,0.0,0.0,0.0,0.0,0.0,0.0,0.0,22.1,11.7,0.0,0.0,0.0,23.0,0.0,0.0,0.0,0.0,0.7,0.0,0.1,22.4,0.0,Primavera,23,Muito Seco,2020
469001,1,2020-09-01,1,47.4,187.50000000000003,30.0,10,0.0,0.0,31.5,0.0,19.1,17.4,0.0,12.5,0.0,0.0,0.4,0.0,0.0,0.0,0.0,0.0,0.0,0.0,0.6,0.0,0.0,37.9,0.0,0.0,0.0,0.7,0.0,0.0,20.0,47.4,0.0,Primavera,20,Normal,2020
469001,1,2020-08-01,1,51.9,137.0,18.0,7,0.0,0.0,0.0,0.0,0.0,0.0,0.0,13.0,0.0,28.2,0.0,0.0,0.0,0.5,9.1,0.0,0.0,51.9,0.0,0.0,2.3,32.0,0.0,0.0,0.0,0.0,0.0,0.0,0.0,0.0,0.0,Inverno,24,Normal,2020
469001,1,2020-07-01,1,19.2,72.2,23.0,11,11.1,0.0,0.0,0.0,0.0,5.2,0.0,0.0,0.0,1.2,0.0,0.0,0.0,7.2,0.1,0.0,0.0,9.6,0.0,11.1,0.2,0.0,19.2,0.0,6.2,0.0,0.0,0.0,1.1,0.0,0.0,Inverno,20,Muito Seco,2020
469001,1,2020-06-01,1,38.2,202.60000000000002,26.0,20,8.1,0.0,0.0,25.1,3.4,0.1,3.8,8.5,18.3,0.0,0.0,11.6,0.4,0.0,5.0,9.0,0.0,0.0,12.6,7.0,2.0,7.0,0.0,0.0,0.0,38.2,0.9,28.2,0.8,12.6,,Inverno,10,Normal,2020
469001,1,2020-05-01,1,248.3,554.3000000000001,,18,1.1,1.1,248.3,0.0,75.0,0.0,5.6,5.4,0.0,0.0,0.1,4.8,0.0,1.2,0.0,21.3,9.0,0.0,12.7,68.7,0.0,14.1,0.0,75.1,1.5,0.0,0.0,0.0,0.0,8.2,1.1,Outono,13,Muito Chuvoso,2020
469001,1,2020-04-01,1,103.3,458.8,26.0,16,15.5,1.0,0.0,24.5,44.0,8.1,31.1,16.1,53.1,4.5,37.0,0.0,0.0,0.0,12.7,0.0,0.0,0.0,0.0,0.0,0.0,0.0,79.7,0.7,0.0,103.3,0.0,0.0,5.8,21.7,,Outono,14,Muito Chuvoso,2020
469001,1,2020-03-01,1,31.5,183.20000000000002,14.0,16,0.0,0.0,0.0,1.5,0.0,0.1,18.5,4.5,0.0,22.5,6.2,0.0,2.3,31.5,4.4,0.0,0.0,0.0,0.0,0.0,0.0,1.4,0.0,2.6,0.0,1.5,18.5,20.3,15.9,31.5,0.0,Outono,15,Normal,2020
469001,1,2020-02-01,1,114.1,338.5,27.0,18,45.5,58.5,0.0,0.0,0.0,10.2,2.7,0.6,0.0,64.5,0.4,4.2,5.6,0.0,9.9,7.5,0.4,4.9,0.9,0.2,0.0,0.0,0.0,0.0,0.0,8.3,114.1,0.0,0.1,,,Verão,11,Muito Chuvoso,2020
469001,1,2020-01-01,1,43.1,296.1,1.0,11,43.1,0.0,0.0,0.0,0.0,0.0,0.0,0.0,7.1,1.5,41.1,0.0,7.5,0.0,29.9,0.0,0.0,30.0,25.2,0.0,40.9,0.0,27.8,42.0,0.0,0.0,0.0,0.0,0.0,0.0,0.0,Verão,20,Muito Chuvoso,2020
469001,1,2019-12-01,1,81.6,533.8000000000001,23.0,15,0.0,49.2,0.0,0.0,12.9,6.1,13.5,0.0,0.0,0.0,47.9,0.0,0.0,0.0,80.4,0.0,0.1,0.0,31.8,20.2,0.0,1.9,81.6,42.1,0.0,19.0,0.0,57.0,70.1,0.0,0.0,Verão,16,Muito Chuvoso,2019
469001,1,2019-11-01,1,82.3,385.1,15.0,22,73.1,18.0,0.9,4.0,12.8,15.8,16.0,11.4,0.9,51.4,1.8,5.0,0.0,0.9,82.3,18.9,0.0,0.0,0.0,11.4,0.0,1.9,5.5,19.2,0.0,0.0,9.9,14.4,9.6,0.0,,Primavera,8,Muito Chuvoso,2019
469001,1,2019-10-01,1,37.5,184.55,26.0,16,0.3,0.0,0.0,13.6,0.0,0.0,0.0,0.0,0.0,10.7,0.0,6.2,0.0,0.0,15.1,0.0,0.0,3.6,8.8,2.7,0.1,3.5,0.0,10.8,0.0,37.5,30.6,0.0,11.9,0.05,29.1,Primavera,15,Normal,2019
469001,1,2019-09-01,1,28.3,110.30000000000001,5.0,12,0.0,9.3,0.0,0.0,28.3,0.0,0.0,0.0,0.0,0.0,9.2,0.0,0.0,7.4,0.2,0.0,0.0,1.7,0.0,0.0,0.0,16.0,7.8,0.7,22.7,1.0,0.0,0.0,0.0,6.0,,Primavera,18,Muito Seco,2019
469001,1,2019-08-01,1,42.3,122.2,,11,0.0,0.0,0.0,2.1,0.0,0.0,0.7,0.0,0.0,0.0,0.0,0.0,10.8,0.0,0.0,0.0,1.5,0.0,2.9,0.0,8.2,9.8,17.3,0.0,42.3,0.0,0.0,0.0,26.4,0.2,0.0,Inverno,20,Muito Seco,2019
469001,1,2019-07-01,1,37.7,245.3,1.0,20,37.7,0.3,0.0,0.0,0.0,14.3,32.6,0.1,0.0,0.1,0.1,0.0,7.0,36.2,0.1,3.7,1.3,21.7,22.6,22.6,22.5,0.0,20.6,0.0,0.3,0.1,1.4,0.0,0.0,0.0,0.0,Inverno,11,Normal,2019
469001,1,2019-06-01,1,57.7,304.9,12.0,23,4.9,0.6,0.1,6.4,0.0,0.0,13.6,55.3,30.3,0.0,8.7,57.7,4.6,1.6,2.2,24.6,0.0,0.0,1.3,1.6,23.6,9.1,1.3,7.4,0.0,0.0,3.6,4.4,8.6,33.4,,Inverno,7,Muito Chuvoso,2019
469001,1,2019-05-01,1,43.7,244.8,6.0,20,7.0,4.0,0.0,7.8,0.0,43.7,0.0,1.1,0.9,20.4,18.5,2.3,10.0,0.0,0.0,0.3,0.0,0.0,0.0,23.6,38.6,1.8,0.0,0.1,4.7,28.4,0.0,8.3,15.0,8.3,0.0,Outono,11,Normal,2019
469001,1,2019-04-01,1,70.0,250.79999999999995,14.0,25,1.2,3.0,0.1,0.0,0.9,0.1,41.2,0.5,3.2,0.0,0.3,0.6,0.0,70.0,0.0,1.3,0.0,15.4,2.5,9.9,29.5,4.2,18.2,4.0,15.5,8.2,0.3,12.3,8.2,0.2,,Outono,5,Normal,2019
469001,1,2019-03-01,1,64.5,351.3,28.0,23,31.7,13.6,0.0,6.6,0.9,0.0,51.2,0.0,0.0,7.2,1.7,0.0,14.6,0.4,0.0,63.2,2.8,17.7,11.0,47.2,0.0,1.4,7.3,1.4,1.1,0.1,2.6,64.5,1.4,0.0,1.7,Outono,8,Muito Chuvoso,2019
469001,1,2019-02-01,1,67.6,242.00000000000003,9.0,21,4.7,8.6,0.3,9.9,0.0,17.0,5.2,0.3,67.6,32.5,9.6,9.9,15.0,0.4,0.2,0.0,0.0,3.2,0.0,0.0,0.0,5.9,8.7,8.4,0.0,13.8,17.4,3.4,,,,Verão,7,Normal,2019
469001,1,2019-01-01,1,54.1,443.7,5.0,21,0.0,0.0,2.4,35.8,54.1,4.7,0.0,39.9,0.0,0.0,0.0,0.0,19.9,0.0,0.0,17.5,47.6,14.4,16.2,3.7,37.0,32.1,30.0,19.3,2.9,0.6,0.1,21.4,38.7,5.4,0.0,Verão,10,Muito Chuvoso,2019
469001,1,2018-12-01,1,56.9,459.3,20.0,26,38.5,0.0,0.0,29.4,1.0,0.3,1.7,0.7,7.7,29.9,0.5,2.5,40.3,0.0,18.1,6.2,2.4,50.9,26.4,56.9,16.3,24.4,2.4,10.4,0.0,51.2,4.1,4.2,28.3,4.6,0.0,Verão,5,Muito Chuvoso,2018
469001,1,2018-11-01,1,72.7,328.40000000000003,27.0,19,22.6,21.5,0.0,3.3,20.3,0.0,0.0,2.2,0.3,15.1,0.0,3.6,26.1,37.6,0.0,0.0,0.0,0.0,5.5,23.6,0.0,23.6,7.5,34.6,2.2,2.3,72.7,3.8,0.0,0.0,,Primavera,11,Muito Chuvoso,2018
469001,1,2018-10-01,1,68.4,396.3,2.0,14,0.0,68.4,0.0,0.0,0.0,0.0,0.0,0.0,0.0,17.8,3.8,30.6,14.4,0.0,0.0,0.0,0.0,0.0,0.0,0.0,43.1,0.0,53.6,23.2,17.4,26.2,27.4,0.0,25.1,27.7,17.6,Primavera,17,Muito Chuvoso,2018
469001,1,2018-09-01,1,31.2,112.19999999999999,15.0,8,0.0,0.0,5.9,4.9,0.0,0.0,0.0,0.0,0.0,0.0,23.7,0.0,0.0,3.2,31.2,6.0,0.0,0.0,0.0,0.0,0.0,13.9,23.4,0.0,0.0,0.0,0.0,0.0,0.0,0.0,,Primavera,22,Muito Seco,2018
469001,1,2018-08-01,1,23.3,74.4,10.0,11,4.0,0.1,0.0,0.0,9.3,0.0,8.4,0.0,0.0,23.3,0.0,0.0,0.0,0.3,0.0,17.1,2.9,0.0,3.0,0.0,0.0,5.5,0.0,0.0,0.0,0.0,0.5,0.0,0.0,0.0,0.0,Inverno,20,Muito Seco,2018
469001,1,2018-07-01,1,22.4,88.2,30.0,8,0.0,0.0,0.0,0.0,0.0,0.0,0.0,0.0,0.0,20.7,0.0,0.0,0.0,0.0,0.0,0.0,0.0,14.0,0.6,0.0,9.0,13.8,0.0,0.0,0.0,0.0,0.0,5.5,0.0,22.4,2.2,Inverno,23,Muito Seco,2018
469001,1,2018-06-01,1,45.1,161.0,30.0,17,0.1,4.1,22.6,17.9,0.5,0.1,0.0,0.0,0.0,0.3,19.9,0.0,0.0,0.0,0.0,0.0,0.0,0.0,0.0,0.0,0.0,2.5,13.4,4.7,5.2,0.3,21.7,1.6,1.0,45.1,,Inverno,13,Normal,2018
469001,1,2018-05-01,1,60.3,267.7,8.0,26,0.0,0.3,11.3,0.1,1.2,13.3,19.8,60.3,7.2,0.9,0.0,0.6,14.2,0.3,6.5,0.0,53.3,0.0,5.3,3.6,2.3,0.2,5.3,13.3,2.1,2.3,9.3,1.0,33.5,0.0,0.2,Outono,5,Normal,2018
469001,1,2018-04-01,1,51.1,236.2,22.0,23,31.6,0.0,3.6,4.7,0.2,0.0,7.6,1.7,1.6,0.0,0.0,22.9,0.0,9.6,9.8,7.6,6.9,4.2,4.1,0.3,13.3,51.1,0.0,4.6,7.3,29.2,0.0,3.2,7.6,3.5,,Outono,7,Normal,2018
469001,1,2018-03-01,1,58.2,280.99999999999994,18.0,18,0.0,37.9,0.0,0.0,0.0,0.0,0.0,29.1,4.2,39.1,9.7,0.0,3.8,1.7,3.3,0.0,0.0,58.2,0.0,0.0,8.5,9.6,9.5,5.6,0.0,15.8,4.1,0.0,32.5,3.2,5.2,Outono,13,Muito Chuvoso,2018
469001,1,2018-02-01,1,76.5,389.09999999999997,27.0,23,27.0,7.0,6.0,0.0,46.0,15.5,26.5,0.4,1.1,0.0,0.0,47.0,8.0,41.7,15.2,14.0,2.1,9.2,0.9,0.7,0.0,2.3,15.5,2.3,7.5,16.7,76.5,0.0,,,,Verão,5,Muito Chuvoso,2018
469001,1,2018-01-01,1,126.6,317.20000000000005,16.0,20,0.0,27.0,0.0,0.0,0.0,0.0,6.4,3.0,0.0,2.8,4.5,2.2,0.0,4.4,16.7,126.6,7.6,0.6,0.5,19.3,0.0,1.5,27.3,1.2,16.2,1.6,46.3,0.0,0.0,0.0,1.5,Verão,11,Muito Chuvoso,2018
469001,1,2017-12-01,1,70.8,151.8,16.0,14,0.0,0.0,0.0,0.0,1.8,2.8,0.0,0.0,0.0,0.0,0.0,0.0,0.0,0.0,0.0,70.8,0.2,3.4,0.0,26.5,3.8,3.6,2.3,0.0,1.9,6.2,14.3,2.8,11.4,0.0,0.0,Verão,17,Normal,2017
469001,1,2017-11-01,1,79.6,305.8999999999999,10.0,12,0.0,0.0,0.0,0.0,0.0,19.1,0.0,0.0,0.0,79.6,26.9,0.0,31.7,1.7,0.0,0.0,76.3,3.7,0.0,9.1,0.0,0.0,0.0,0.8,0.0,0.0,1.7,38.4,16.9,0.0,,Primavera,18,Muito Chuvoso,2017
469001,1,2017-10-01,1,69.1,229.40000000000003,1.0,16,69.1,0.2,0.0,15.2,0.1,16.0,0.0,0.1,0.0,0.0,0.0,38.8,3.6,0.0,0.1,0.0,0.0,22.5,0.0,16.5,1.0,39.5,0.0,0.0,0.0,0.0,1.3,0.0,4.1,0.0,1.3,Primavera,15,Normal,2017
469001,1,2017-09-01,1,53.1,283.59999999999997,16.0,17,1.9,0.0,8.5,0.0,42.1,0.0,0.0,3.3,0.5,0.0,5.0,1.4,23.1,0.0,10.7,53.1,12.9,0.0,0.0,0.0,0.0,0.0,0.7,31.9,12.0,0.1,0.0,0.0,44.3,32.1,,Primavera,13,Muito Chuvoso,2017
469001,1,2017-08-01,1,32.8,124.89999999999999,21.0,13,0.0,0.0,0.0,3.1,0.0,0.0,0.0,7.5,0.7,0.0,0.0,0.0,0.0,0.0,28.9,1.2,1.2,0.0,0.0,0.0,32.8,4.2,0.0,6.7,0.0,26.9,2.9,0.0,0.7,8.1,0.0,Inverno,18,Muito Seco,2017
469001,1,2017-07-01,1,22.2,46.7,26.0,5,0.0,0.0,0.0,0.0,0.0,0.0,0.0,0.0,0.0,0.0,0.0,0.0,0.0,0.0,0.0,0.9,0.0,8.0,0.0,0.0,0.0,0.0,0.0,0.0,10.8,22.2,0.0,0.0,0.0,4.8,0.0,Inverno,26,Muito Seco,2017
469001,1,2017-06-01,1,54.1,138.60000000000002,1.0,12,54.1,0.5,6.0,0.0,0.0,1.0,44.0,0.0,0.0,13.1,3.6,0.0,1.5,0.0,5.1,0.0,0.0,0.0,0.0,2.0,0.0,0.0,0.0,0.0,0.0,3.8,0.0,3.9,0.0,0.0,,Inverno,18,Normal,2017
469001,1,2017-05-01,1,26.5,109.39999999999999,22.0,10,0.0,0.0,0.0,0.0,0.0,0.0,15.3,0.0,0.0,0.0,0.0,0.0,5.3,0.9,0.0,0.0,0.0,5.7,0.0,22.7,24.3,26.5,1.9,1.5,0.0,0.0,0.0,5.3,0.0,0.0,0.0,Outono,21,Muito Seco,2017
469001,1,2017-04-01,1,55.0,290.70000000000005,11.0,17,1.9,0.0,45.9,13.5,1.7,0.0,5.3,6.0,0.0,0.2,55.0,52.0,0.0,31.5,0.0,0.0,12.3,16.8,0.0,2.5,0.0,0.0,0.0,1.5,0.0,0.0,26.3,13.8,4.5,0.0,,Outono,13,Muito Chuvoso,2017
469001,1,2017-03-01,1,99.5,413.3,2.0,16,0.0,99.5,20.5,23.0,13.4,3.4,23.3,13.5,3.7,0.0,23.0,13.0,0.0,0.0,0.0,0.0,98.7,5.1,0.0,0.0,0.0,0.0,0.0,26.7,16.7,1.6,28.2,0.0,0.0,0.0,0.0,Outono,15,Muito Chuvoso,2017
469001,1,2017-02-01,1,73.9,285.1,26.0,14,0.0,11.2,0.0,8.3,0.0,64.8,0.0,0.0,3.4,48.6,0.0,0.0,13.7,0.5,28.6,0.0,0.0,0.0,0.0,0.0,3.7,0.0,19.9,0.3,3.7,73.9,0.0,4.5,,,,Verão,14,Muito Chuvoso,2017
469001,1,2017-01-01,1,108.5,485.5,30.0,19,23.7,2.3,2.3,0.0,0.0,6.8,31.5,2.7,0.0,40.7,0.0,8.3,0.0,0.0,0.0,22.5,7.5,0.0,77.7,26.2,56.8,2.0,0.0,0.0,0.0,0.0,61.8,2.8,1.2,108.5,0.2,Verão,12,Muito Chuvoso,2017
469001,1,2016-12-01,1,62.5,270.79999999999995,12.0,17,26.1,0.0,0.0,0.0,0.0,4.0,0.0,8.5,0.0,22.5,16.4,62.5,2.3,0.0,0.2,29.2,0.0,0.0,13.2,0.5,1.0,0.0,0.0,0.0,0.0,0.0,40.0,12.5,8.7,22.7,0.5,Verão,14,Muito Chuvoso,2016
469001,1,2016-11-01,1,36.8,149.79999999999998,4.0,11,3.6,0.0,0.0,36.8,0.2,0.0,0.0,0.0,24.2,16.2,0.0,11.8,0.0,29.1,0.0,0.0,0.0,0.0,0.0,0.0,0.0,0.0,0.0,5.9,11.8,9.6,0.0,0.0,0.6,0.0,,Primavera,19,Normal,2016
469001,1,2016-10-01,1,61.5,167.10000000000002,2.0,14,0.5,61.5,15.1,41.8,0.0,0.0,11.8,1.2,2.8,0.0,6.0,0.8,4.8,0.0,0.0,0.0,0.0,0.0,0.0,0.0,3.2,0.0,0.8,0.0,0.0,0.0,0.0,14.8,0.0,2.0,0.0,Primavera,17,Normal,2016
469001,1,2016-09-01,1,41.8,125.89999999999999,30.0,9,1.8,0.0,0.0,0.0,30.6,0.0,0.0,0.0,0.0,0.0,1.2,0.0,0.0,5.2,0.0,0.0,0.0,0.0,8.2,0.0,21.5,0.0,0.0,0.0,0.0,3.3,12.3,0.0,0.0,41.8,,Primavera,21,Muito Seco,2016
469001,1,2016-08-01,1,42.5,88.19999999999999,30.0,7,0.0,0.0,18.9,0.0,0.0,0.0,0.0,0.0,0.0,6.2,1.5,0.0,0.0,0.0,0.0,0.0,0.1,12.1,0.0,0.0,0.0,6.9,0.0,0.0,0.0,0.0,0.0,0.0,0.0,42.5,0.0,Inverno,24,Muito Seco,2016
469001,1,2016-07-01,1,32.6,151.39999999999998,10.0,20,0.0,0.2,6.8,19.1,0.0,0.2,11.5,0.2,2.5,32.6,0.0,2.3,2.4,6.5,21.6,0.0,8.1,0.0,0.0,0.0,0.0,14.1,12.9,0.0,0.0,1.1,0.2,4.7,2.1,2.3,0.0,Inverno,11,Normal,2016
469001,1,2016-06-01,1,13.5,90.39999999999999,28.0,25,2.0,2.0,2.0,2.0,2.0,2.0,2.0,2.0,2.0,2.0,2.0,2.0,2.0,2.0,2.0,2.0,0.0,0.0,0.0,0.0,0.0,8.5,7.6,1.7,13.3,8.6,2.4,13.5,2.3,0.5,,Inverno,5,Muito Seco,2016
469001,2,1998-12-01,1,45.0,0.0,,0,,,,,,,,,,,,,,,,,,,,,,,,,,,,,,,,Verão,31,Muito Seco,1998
469001,1,1998-12-01,1,45.0,0.0,,0,,,,,,,,,,,,,,,,,,,,,,,,,,,,,,,,Verão,31,Muito Seco,1998
469001,2,1998-11-01,1,45.0,0.0,,0,,,,,,,,,,,,,,,,,,,,,,,,,,,,,,,,Primavera,30,Muito Seco,1998
469001,1,1998-11-01,1,45.0,0.0,,0,,,,,,,,,,,,,,,,,,,,,,,,,,,,,,,,Primavera,30,Muito Seco,1998
469001,2,1998-10-01,1,45.0,0.0,,0,,,,,,,,,,,,,,,,,,,,,,,,,,,,,,,,Primavera,31,Muito Seco,1998
469001,1,1998-10-01,1,45.0,0.0,,0,,,,,,,,,,,,,,,,,,,,,,,,,,,,,,,,Primavera,31,Muito Seco,1998
469001,2,1998-09-01,1,45.0,0.0,,0,,,,,,,,,,,,,,,,,,,,,,,,,,,,,,,,Primavera,30,Muito Seco,1998
469001,1,1998-09-01,1,45.0,0.0,,0,,,,,,,,,,,,,,,,,,,,,,,,,,,,,,,,Primavera,30,Muito Seco,1998
469001,2,1998-08-01,1,33.6,112.6,6.0,6,0.0,0.0,0.0,0.0,0.0,33.6,0.0,0.0,0.0,23.6,0.0,0.0,0.0,14.4,0.0,0.0,0.0,0.0,7.7,0.0,0.0,25.7,0.0,0.0,0.0,0.0,0.0,7.6,0.0,0.0,0.0,Inverno,25,Muito Seco,1998
469001,1,1998-08-01,1,33.6,112.6,6.0,6,0.0,0.0,0.0,0.0,0.0,33.6,0.0,0.0,0.0,23.6,0.0,0.0,0.0,14.4,0.0,0.0,0.0,0.0,7.7,0.0,0.0,25.7,0.0,0.0,0.0,0.0,0.0,7.6,0.0,0.0,0.0,Inverno,25,Muito Seco,1998
469001,2,1998-07-01,1,45.0,0.0,,0,,,,,,,,,,,,,,,,,,,,,,,,,,,,,,,,Inverno,31,Muito Seco,1998
469001,1,1998-07-01,1,45.0,0.0,,0,,,,,,,,,,,,,,,,,,,,,,,,,,,,,,,,Inverno,31,Muito Seco,1998
469001,2,1998-06-01,1,61.8,160.20000000000002,1.0,8,61.8,2.6,0.0,0.6,0.0,0.0,0.0,0.0,55.8,18.2,0.0,0.0,0.0,0.0,1.9,0.0,0.0,0.0,0.0,6.7,12.6,0.0,0.0,0.0,0.0,0.0,0.0,0.0,0.0,0.0,,Inverno,22,Normal,1998
469001,1,1998-06-01,1,61.8,160.20000000000002,1.0,8,61.8,2.6,0.0,0.6,0.0,0.0,0.0,0.0,55.8,18.2,0.0,0.0,0.0,0.0,1.9,0.0,0.0,0.0,0.0,6.7,12.6,0.0,0.0,0.0,0.0,0.0,0.0,0.0,0.0,0.0,,Inverno,22,Normal,1998
469001,2,1998-05-01,1,58.7,273.5,29.0,16,0.0,0.0,6.7,0.0,12.5,0.0,0.0,0.0,4.8,8.6,0.0,0.0,0.0,28.6,12.9,0.0,2.6,16.4,0.0,0.0,44.3,12.6,0.0,2.4,0.0,16.4,2.9,0.0,58.7,16.7,26.4,Outono,15,Muito Chuvoso,1998
469001,1,1998-05-01,1,58.7,273.5,29.0,16,0.0,0.0,6.7,0.0,12.5,0.0,0.0,0.0,4.8,8.6,0.0,0.0,0.0,28.6,12.9,0.0,2.6,16.4,0.0,0.0,44.3,12.6,0.0,2.4,0.0,16.4,2.9,0.0,58.7,16.7,26.4,Outono,15,Muito Chuvoso,1998
469001,2,1998-04-01,1,26.5,133.9,5.0,16,12.8,6.0,0.0,0.0,26.5,6.0,0.0,0.0,0.0,8.5,2.8,4.2,16.9,0.0,0.0,0.0,0.0,12.8,6.4,2.6,8.4,0.0,0.0,6.6,2.2,0.0,0.0,0.0,8.6,2.6,,Outono,14,Muito Seco,1998
469001,1,1998-04-01,1,26.5,133.9,5.0,16,12.8,6.0,0.0,0.0,26.5,6.0,0.0,0.0,0.0,8.5,2.8,4.2,16.9,0.0,0.0,0.0,0.0,12.8,6.4,2.6,8.4,0.0,0.0,6.6,2.2,0.0,0.0,0.0,8.6,2.6,,Outono,14,Muito Seco,1998
469001,2,1998-03-01,1,137.0,201.8,6.0,11,0.0,0.0,0.0,0.8,4.8,137.0,2.6,0.0,32.3,0.0,0.0,0.0,4.5,0.0,0.0,0.0,2.6,0.0,8.4,1.2,0.0,0.0,0.0,6.4,1.2,0.0,0.0,0.0,0.0,0.0,0.0,Outono,20,Normal,1998
469001,1,1998-03-01,1,137.0,201.8,6.0,11,0.0,0.0,0.0,0.8,4.8,137.0,2.6,0.0,32.3,0.0,0.0,0.0,4.5,0.0,0.0,0.0,2.6,0.0,8.4,1.2,0.0,0.0,0.0,6.4,1.2,0.0,0.0,0.0,0.0,0.0,0.0,Outono,20,Normal,1998
469001,2,1998-02-01,1,6.3,28.4,1.0,9,6.3,0.0,1.6,0.0,0.0,0.0,0.0,0.0,0.0,6.3,2.8,0.0,0.0,4.6,0.6,0.0,0.0,0.0,0.0,0.0,0.0,1.8,0.2,0.0,0.0,0.0,4.2,0.0,,,,Verão,19,Muito Seco,1998
469001,1,1998-02-01,1,6.3,28.4,1.0,9,6.3,0.0,1.6,0.0,0.0,0.0,0.0,0.0,0.0,6.3,2.8,0.0,0.0,4.6,0.6,0.0,0.0,0.0,0.0,0.0,0.0,1.8,0.2,0.0,0.0,0.0,4.2,0.0,,,,Verão,19,Muito Seco,1998
469001,2,1998-01-01,1,76.7,272.7,14.0,13,0.0,8.6,0.0,14.6,0.2,0.0,0.0,0.0,8.7,0.0,0.0,69.8,48.2,76.7,18.9,0.0,0.0,0.0,0.0,2.6,0.8,0.0,0.0,0.0,2.2,0.0,0.0,16.6,4.8,0.0,0.0,Verão,18,Muito Chuvoso,1998
469001,1,1998-01-01,1,76.7,272.7,14.0,13,0.0,8.6,0.0,14.6,0.2,0.0,0.0,0.0,8.7,0.0,0.0,69.8,48.2,76.7,18.9,0.0,0.0,0.0,0.0,2.6,0.8,0.0,0.0,0.0,2.2,0.0,0.0,16.6,4.8,0.0,0.0,Verão,18,Muito Chuvoso,1998
469001,2,1997-12-01,1,38.6,229.3,23.0,17,26.4,6.8,13.2,0.0,6.0,0.0,0.0,17.9,8.0,0.2,0.0,27.4,12.7,0.0,3.8,0.0,21.5,6.8,12.0,0.0,0.0,0.0,38.6,9.0,0.0,0.0,12.8,6.2,0.0,0.0,0.0,Verão,14,Normal,1997
469001,1,1997-12-01,1,38.6,229.3,23.0,17,26.4,6.8,13.2,0.0,6.0,0.0,0.0,17.9,8.0,0.2,0.0,27.4,12.7,0.0,3.8,0.0,21.5,6.8,12.0,0.0,0.0,0.0,38.6,9.0,0.0,0.0,12.8,6.2,0.0,0.0,0.0,Verão,14,Normal,1997
469001,2,1997-11-01,1,28.9,185.89999999999998,22.0,14,6.3,12.4,26.3,28.6,0.7,0.0,8.2,0.0,0.0,18.6,0.0,9.6,0.0,26.7,6.4,0.0,0.0,0.7,8.3,4.2,0.0,28.9,0.0,0.0,0.0,0.0,0.0,0.0,0.0,0.0,,Primavera,16,Normal,1997
469001,1,1997-11-01,1,28.9,185.89999999999998,22.0,14,6.3,12.4,26.3,28.6,0.7,0.0,8.2,0.0,0.0,18.6,0.0,9.6,0.0,26.7,6.4,0.0,0.0,0.7,8.3,4.2,0.0,28.9,0.0,0.0,0.0,0.0,0.0,0.0,0.0,0.0,,Primavera,16,Normal,1997
469001,2,1997-10-01,1,18.4,60.900000000000006,29.0,9,0.0,0.0,0.0,7.3,0.0,0.0,0.0,0.0,2.2,13.6,2.6,0.0,0.0,0.0,0.0,0.0,0.0,0.0,7.2,0.0,0.0,0.0,0.0,0.0,0.0,2.4,0.0,0.6,18.4,6.6,0.0,Primavera,22,Muito Seco,1997
469001,1,1997-10-01,1,18.4,60.900000000000006,29.0,9,0.0,0.0,0.0,7.3,0.0,0.0,0.0,0.0,2.2,13.6,2.6,0.0,0.0,0.0,0.0,0.0,0.0,0.0,7.2,0.0,0.0,0.0,0.0,0.0,0.0,2.4,0.0,0.6,18.4,6.6,0.0,Primavera,22,Muito Seco,1997
469001,2,1997-09-01,1,37.6,114.0,11.0,10,0.0,0.0,16.8,0.7,0.0,0.0,0.1,0.0,0.0,0.0,37.6,0.7,19.6,12.7,6.2,0.0,0.0,0.0,0.0,0.0,12.6,7.0,0.0,0.0,0.0,0.0,0.0,0.0,0.0,0.0,,Primavera,20,Muito Seco,1997
469001,1,1997-09-01,1,37.6,114.0,11.0,10,0.0,0.0,16.8,0.7,0.0,0.0,0.1,0.0,0.0,0.0,37.6,0.7,19.6,12.7,6.2,0.0,0.0,0.0,0.0,0.0,12.6,7.0,0.0,0.0,0.0,0.0,0.0,0.0,0.0,0.0,,Primavera,20,Muito Seco,1997
469001,2,1997-08-01,1,22.7,58.8,17.0,7,0.0,0.0,6.4,0.0,0.0,0.0,0.0,0.2,0.0,0.0,12.7,6.0,0.0,0.0,8.8,0.0,22.7,2.0,0.0,0.0,0.0,0.0,0.0,0.0,0.0,0.0,0.0,0.0,0.0,0.0,0.0,Inverno,24,Muito Seco,1997
469001,1,1997-08-01,1,22.7,58.8,17.0,7,0.0,0.0,6.4,0.0,0.0,0.0,0.0,0.2,0.0,0.0,12.7,6.0,0.0,0.0,8.8,0.0,22.7,2.0,0.0,0.0,0.0,0.0,0.0,0.0,0.0,0.0,0.0,0.0,0.0,0.0,0.0,Inverno,24,Muito Seco,1997
469001,2,1997-07-01,1,4.2,9.200000000000001,20.0,4,0.0,0.0,2.6,0.0,0.2,0.0,0.0,0.0,0.0,0.0,0.0,0.0,0.0,0.0,0.0,0.0,0.0,0.0,0.0,4.2,0.0,0.0,0.0,0.0,0.0,0.0,0.0,0.0,2.2,0.0,0.0,Inverno,27,Muito Seco,1997
469001,1,1997-07-01,1,4.2,9.200000000000001,20.0,4,0.0,0.0,2.6,0.0,0.2,0.0,0.0,0.0,0.0,0.0,0.0,0.0,0.0,0.0,0.0,0.0,0.0,0.0,0.0,4.2,0.0,0.0,0.0,0.0,0.0,0.0,0.0,0.0,2.2,0.0,0.0,Inverno,27,Muito Seco,1997
469001,2,1997-06-01,1,14.0,45.00000000000001,12.0,8,12.4,3.2,0.0,0.0,0.0,0.0,0.0,0.0,0.0,0.0,2.6,14.0,0.0,0.0,0.0,0.2,0.0,0.0,0.0,2.4,0.0,0.0,0.0,0.0,6.2,0.0,0.0,0.0,4.0,0.0,,Inverno,22,Muito Seco,1997
469001,1,1997-06-01,1,14.0,45.00000000000001,12.0,8,12.4,3.2,0.0,0.0,0.0,0.0,0.0,0.0,0.0,0.0,2.6,14.0,0.0,0.0,0.0,0.2,0.0,0.0,0.0,2.4,0.0,0.0,0.0,0.0,6.2,0.0,0.0,0.0,4.0,0.0,,Inverno,22,Muito Seco,1997
469001,2,1997-05-01,1,18.4,40.00000000000001,26.0,7,0.0,0.0,2.6,0.0,0.0,0.0,0.0,6.4,0.0,0.0,0.0,0.0,2.6,0.0,0.0,4.7,0.0,0.0,0.0,0.0,0.0,0.0,0.0,0.0,0.0,18.4,2.7,0.0,0.0,0.0,2.6,Outono,24,Muito Seco,1997
469001,1,1997-05-01,1,18.4,40.00000000000001,26.0,7,0.0,0.0,2.6,0.0,0.0,0.0,0.0,6.4,0.0,0.0,0.0,0.0,2.6,0.0,0.0,4.7,0.0,0.0,0.0,0.0,0.0,0.0,0.0,0.0,0.0,18.4,2.7,0.0,0.0,0.0,2.6,Outono,24,Muito Seco,1997
469001,2,1997-04-01,1,12.8,42.699999999999996,14.0,9,0.0,0.0,0.0,0.0,0.0,8.6,6.2,0.0,0.0,0.0,2.7,0.0,0.0,12.8,2.0,0.0,0.0,0.0,0.0,2.2,0.0,4.2,2.0,0.0,0.0,0.0,2.0,0.0,0.0,0.0,,Outono,21,Muito Seco,1997
469001,1,1997-04-01,1,12.8,42.699999999999996,14.0,9,0.0,0.0,0.0,0.0,0.0,8.6,6.2,0.0,0.0,0.0,2.7,0.0,0.0,12.8,2.0,0.0,0.0,0.0,0.0,2.2,0.0,4.2,2.0,0.0,0.0,0.0,2.0,0.0,0.0,0.0,,Outono,21,Muito Seco,1997
469001,2,1997-03-01,1,24.9,99.09999999999998,5.0,14,0.0,2.4,2.6,0.0,24.9,0.0,6.2,2.7,0.0,12.6,8.7,2.2,0.0,0.0,6.4,0.0,2.7,0.0,6.0,0.0,6.2,0.0,0.0,12.7,0.0,0.0,2.8,0.0,0.0,0.0,0.0,Outono,17,Muito Seco,1997
469001,1,1997-03-01,1,24.9,99.09999999999998,5.0,14,0.0,2.4,2.6,0.0,24.9,0.0,6.2,2.7,0.0,12.6,8.7,2.2,0.0,0.0,6.4,0.0,2.7,0.0,6.0,0.0,6.2,0.0,0.0,12.7,0.0,0.0,2.8,0.0,0.0,0.0,0.0,Outono,17,Muito Seco,1997
469001,2,1997-02-01,1,26.2,157.8,21.0,19,0.0,6.4,8.0,0.2,0.0,0.0,12.0,0.0,0.0,0.0,16.0,4.0,0.0,0.0,21.6,6.3,8.2,0.8,12.0,0.8,26.2,14.0,2.6,0.0,2.8,8.8,2.6,4.5,,,,Verão,9,Normal,1997
469001,1,1997-02-01,1,26.2,157.8,21.0,19,0.0,6.4,8.0,0.2,0.0,0.0,12.0,0.0,0.0,0.0,16.0,4.0,0.0,0.0,21.6,6.3,8.2,0.8,12.0,0.8,26.2,14.0,2.6,0.0,2.8,8.8,2.6,4.5,,,,Verão,9,Normal,1997
469001,2,1997-01-01,1,13.0,32.2,8.0,7,0.0,0.2,0.0,0.0,0.0,0.0,0.0,13.0,0.0,6.2,0.0,3.2,0.0,0.0,0.0,2.6,0.0,0.0,0.0,0.0,0.0,0.8,0.0,6.2,0.0,0.0,0.0,0.0,0.0,0.0,0.0,Verão,24,Muito Seco,1997
469001,1,1997-01-01,1,13.0,32.2,8.0,7,0.0,0.2,0.0,0.0,0.0,0.0,0.0,13.0,0.0,6.2,0.0,3.2,0.0,0.0,0.0,2.6,0.0,0.0,0.0,0.0,0.0,0.8,0.0,6.2,0.0,0.0,0.0,0.0,0.0,0.0,0.0,Verão,24,Muito Seco,1997
469001,2,1996-12-01,1,34.0,161.99999999999997,4.0,12,18.4,0.0,0.0,34.0,0.0,12.6,0.0,26.8,0.0,0.0,0.0,18.4,0.0,0.0,12.6,0.0,2.6,0.0,0.0,0.0,0.0,6.8,0.0,0.0,0.0,18.6,2.6,0.0,2.6,0.0,6.0,Verão,19,Normal,1996
469001,1,1996-12-01,1,34.0,161.99999999999997,4.0,12,18.4,0.0,0.0,34.0,0.0,12.6,0.0,26.8,0.0,0.0,0.0,18.4,0.0,0.0,12.6,0.0,2.6,0.0,0.0,0.0,0.0,6.8,0.0,0.0,0.0,18.6,2.6,0.0,2.6,0.0,6.0,Verão,19,Normal,1996
469001,2,1996-11-01,1,28.0,106.1,19.0,10,6.4,2.2,0.0,0.0,0.2,0.0,0.0,12.8,20.6,0.0,0.0,0.0,8.2,0.0,0.0,0.0,0.0,0.0,28.0,4.4,0.0,0.0,0.0,0.0,18.9,4.4,0.0,0.0,0.0,0.0,,Primavera,20,Muito Seco,1996
469001,1,1996-11-01,1,28.0,106.1,19.0,10,6.4,2.2,0.0,0.0,0.2,0.0,0.0,12.8,20.6,0.0,0.0,0.0,8.2,0.0,0.0,0.0,0.0,0.0,28.0,4.4,0.0,0.0,0.0,0.0,18.9,4.4,0.0,0.0,0.0,0.0,,Primavera,20,Muito Seco,1996
469001,2,1996-10-01,1,9.6,29.4,19.0,6,0.0,0.0,0.0,0.0,0.0,0.0,6.8,2.2,0.6,0.0,0.0,0.0,0.0,0.0,0.0,0.0,0.0,0.0,9.6,0.0,2.2,0.0,0.0,0.0,0.0,0.0,0.0,0.0,8.0,0.0,0.0,Primavera,25,Muito Seco,1996
469001,1,1996-10-01,1,9.6,29.4,19.0,6,0.0,0.0,0.0,0.0,0.0,0.0,6.8,2.2,0.6,0.0,0.0,0.0,0.0,0.0,0.0,0.0,0.0,0.0,9.6,0.0,2.2,0.0,0.0,0.0,0.0,0.0,0.0,0.0,8.0,0.0,0.0,Primavera,25,Muito Seco,1996
469001,2,1996-09-01,1,12.6,27.200000000000003,22.0,6,0.0,0.0,0.0,0.0,0.0,0.0,2.2,0.0,0.0,0.0,0.0,0.0,4.6,0.0,0.0,0.8,0.0,0.0,0.0,0.0,0.0,12.6,4.4,0.0,0.0,0.0,0.0,0.0,2.6,0.0,,Primavera,24,Muito Seco,1996
469001,1,1996-09-01,1,12.6,27.200000000000003,22.0,6,0.0,0.0,0.0,0.0,0.0,0.0,2.2,0.0,0.0,0.0,0.0,0.0,4.6,0.0,0.0,0.8,0.0,0.0,0.0,0.0,0.0,12.6,4.4,0.0,0.0,0.0,0.0,0.0,2.6,0.0,,Primavera,24,Muito Seco,1996
469001,2,1996-08-01,1,4.7,6.9,7.0,3,0.0,0.0,0.0,0.0,0.0,0.0,4.7,2.0,0.0,0.0,0.0,0.0,0.0,0.0,0.0,0.0,0.0,0.0,0.0,0.0,0.0,0.2,0.0,0.0,0.0,0.0,0.0,0.0,0.0,0.0,0.0,Inverno,28,Muito Seco,1996
469001,1,1996-08-01,1,4.7,6.9,7.0,3,0.0,0.0,0.0,0.0,0.0,0.0,4.7,2.0,0.0,0.0,0.0,0.0,0.0,0.0,0.0,0.0,0.0,0.0,0.0,0.0,0.0,0.2,0.0,0.0,0.0,0.0,0.0,0.0,0.0,0.0,0.0,Inverno,28,Muito Seco,1996
469001,2,1996-07-01,1,9.6,15.200000000000001,25.0,6,0.0,0.0,0.2,0.0,0.0,0.0,0.0,0.4,2.6,0.2,0.0,0.0,0.0,0.0,0.0,0.0,2.2,0.0,0.0,0.0,0.0,0.0,0.0,0.0,9.6,0.0,0.0,0.0,0.0,0.0,0.0,Inverno,25,Muito Seco,1996
469001,1,1996-07-01,1,9.6,15.200000000000001,25.0,6,0.0,0.0,0.2,0.0,0.0,0.0,0.0,0.4,2.6,0.2,0.0,0.0,0.0,0.0,0.0,0.0,2.2,0.0,0.0,0.0,0.0,0.0,0.0,0.0,9.6,0.0,0.0,0.0,0.0,0.0,0.0,Inverno,25,Muito Seco,1996
469001,2,1996-06-01,1,12.6,39.4,8.0,7,0.0,0.0,2.6,0.0,0.0,0.0,0.0,12.6,0.0,0.0,4.6,0.2,0.0,0.0,0.0,0.0,0.0,8.6,0.0,0.0,0.0,2.2,0.0,0.0,0.0,0.0,0.0,0.0,0.0,8.6,,Inverno,23,Muito Seco,1996
469001,1,1996-06-01,1,12.6,39.4,8.0,7,0.0,0.0,2.6,0.0,0.0,0.0,0.0,12.6,0.0,0.0,4.6,0.2,0.0,0.0,0.0,0.0,0.0,8.6,0.0,0.0,0.0,2.2,0.0,0.0,0.0,0.0,0.0,0.0,0.0,8.6,,Inverno,23,Muito Seco,1996
469001,2,1996-05-01,1,14.2,58.6,20.0,12,0.2,0.0,0.0,12.6,0.0,0.0,6.4,0.2,0.0,0.0,0.0,0.6,2.4,0.0,0.2,0.0,0.0,12.8,6.4,14.2,0.0,0.0,0.0,0.0,0.2,0.0,0.0,0.0,0.0,2.4,0.0,Outono,19,Muito Seco,1996
469001,1,1996-05-01,1,14.2,58.6,20.0,12,0.2,0.0,0.0,12.6,0.0,0.0,6.4,0.2,0.0,0.0,0.0,0.6,2.4,0.0,0.2,0.0,0.0,12.8,6.4,14.2,0.0,0.0,0.0,0.0,0.2,0.0,0.0,0.0,0.0,2.4,0.0,Outono,19,Muito Seco,1996
469001,2,1996-04-01,1,18.4,54.6,18.0,11,0.0,0.6,4.6,12.6,0.0,0.0,0.6,0.0,0.0,2.4,0.0,0.0,0.0,0.2,0.0,0.0,0.0,18.4,6.2,0.2,0.0,0.0,0.0,0.0,8.6,0.0,0.0,0.0,0.2,0.0,,Outono,19,Muito Seco,1996
469001,1,1996-04-01,1,18.4,54.6,18.0,11,0.0,0.6,4.6,12.6,0.0,0.0,0.6,0.0,0.0,2.4,0.0,0.0,0.0,0.2,0.0,0.0,0.0,18.4,6.2,0.2,0.0,0.0,0.0,0.0,8.6,0.0,0.0,0.0,0.2,0.0,,Outono,19,Muito Seco,1996
469001,2,1996-03-01,1,18.6,84.60000000000001,3.0,7,0.0,0.0,18.6,0.0,0.0,6.8,0.0,17.6,0.0,18.0,0.0,0.0,0.0,0.0,0.0,0.0,0.0,0.0,0.0,0.0,0.0,0.2,0.0,18.6,0.0,0.0,4.8,0.0,0.0,0.0,0.0,Outono,24,Muito Seco,1996
469001,1,1996-03-01,1,18.6,84.60000000000001,3.0,7,0.0,0.0,18.6,0.0,0.0,6.8,0.0,17.6,0.0,18.0,0.0,0.0,0.0,0.0,0.0,0.0,0.0,0.0,0.0,0.0,0.0,0.2,0.0,18.6,0.0,0.0,4.8,0.0,0.0,0.0,0.0,Outono,24,Muito Seco,1996
469001,2,1996-02-01,1,28.6,185.2,15.0,15,6.4,0.0,8.4,16.0,4.3,18.6,0.0,6.2,0.0,12.6,28.0,14.2,0.0,4.1,28.6,18.0,0.0,17.2,0.0,0.0,0.6,0.0,0.0,0.0,0.0,0.0,0.0,2.0,0.0,,,Verão,14,Normal,1996
469001,1,1996-02-01,1,28.6,185.2,15.0,15,6.4,0.0,8.4,16.0,4.3,18.6,0.0,6.2,0.0,12.6,28.0,14.2,0.0,4.1,28.6,18.0,0.0,17.2,0.0,0.0,0.6,0.0,0.0,0.0,0.0,0.0,0.0,2.0,0.0,,,Verão,14,Normal,1996
469001,2,1996-01-01,1,29.0,80.6,31.0,9,0.0,0.0,2.6,0.0,18.2,8.6,0.2,0.0,0.6,0.0,18.6,0.0,0.2,0.0,0.0,0.0,0.0,0.0,0.0,0.0,0.0,0.0,0.0,0.0,0.0,0.0,0.0,2.6,0.0,0.0,29.0,Verão,22,Muito Seco,1996
469001,1,1996-01-01,1,29.0,80.6,31.0,9,0.0,0.0,2.6,0.0,18.2,8.6,0.2,0.0,0.6,0.0,18.6,0.0,0.2,0.0,0.0,0.0,0.0,0.0,0.0,0.0,0.0,0.0,0.0,0.0,0.0,0.0,0.0,2.6,0.0,0.0,29.0,Verão,22,Muito Seco,1996
469001,2,1995-12-01,1,40.6,210.29999999999995,27.0,15,0.0,28.6,0.0,8.2,0.0,0.2,0.0,6.8,0.0,8.4,0.0,0.0,0.0,0.0,0.0,0.0,0.0,0.0,16.6,0.0,8.6,18.5,2.6,38.4,0.0,0.0,40.6,12.0,6.2,12.0,2.6,Verão,16,Normal,1995
469001,1,1995-12-01,1,40.6,210.29999999999995,27.0,15,0.0,28.6,0.0,8.2,0.0,0.2,0.0,6.8,0.0,8.4,0.0,0.0,0.0,0.0,0.0,0.0,0.0,0.0,16.6,0.0,8.6,18.5,2.6,38.4,0.0,0.0,40.6,12.0,6.2,12.0,2.6,Verão,16,Normal,1995
469001,2,1995-11-01,1,32.6,156.2,21.0,12,12.6,4.0,18.6,0.0,0.0,26.8,0.6,0.0,0.0,0.0,0.0,0.0,16.8,0.0,6.4,0.0,0.0,0.0,18.6,13.0,32.6,0.0,0.0,0.0,0.0,0.2,6.0,0.0,0.0,0.0,,Primavera,18,Normal,1995
469001,1,1995-11-01,1,32.6,156.2,21.0,12,12.6,4.0,18.6,0.0,0.0,26.8,0.6,0.0,0.0,0.0,0.0,0.0,16.8,0.0,6.4,0.0,0.0,0.0,18.6,13.0,32.6,0.0,0.0,0.0,0.0,0.2,6.0,0.0,0.0,0.0,,Primavera,18,Normal,1995
469001,2,1995-10-01,1,42.0,128.0,,8,0.0,0.0,4.0,0.0,0.0,0.0,2.6,12.8,0.0,28.2,42.0,12.6,0.0,0.0,14.6,0.0,0.0,0.0,0.0,0.0,0.0,0.0,0.0,0.0,0.0,11.2,0.0,0.0,0.0,0.0,0.0,Primavera,23,Muito Seco,1995
469001,1,1995-10-01,1,42.0,128.0,11.0,8,0.0,0.0,4.0,0.0,0.0,0.0,2.6,12.8,0.0,28.2,42.0,12.6,0.0,0.0,14.6,0.0,0.0,0.0,0.0,0.0,0.0,0.0,0.0,0.0,0.0,11.2,0.0,0.0,0.0,0.0,0.0,Primavera,23,Muito Seco,1995
469001,2,1995-09-01,1,4.8,13.0,14.0,5,0.0,0.0,0.0,0.0,0.0,2.6,0.0,0.0,0.0,0.0,2.8,0.0,0.0,4.8,0.0,0.0,0.0,0.0,0.2,0.0,0.0,0.0,0.0,0.0,0.0,0.0,0.0,0.0,0.0,2.6,,Primavera,25,Muito Seco,1995
469001,1,1995-09-01,1,4.8,13.0,14.0,5,0.0,0.0,0.0,0.0,0.0,2.6,0.0,0.0,0.0,0.0,2.8,0.0,0.0,4.8,0.0,0.0,0.0,0.0,0.2,0.0,0.0,0.0,0.0,0.0,0.0,0.0,0.0,0.0,0.0,2.6,,Primavera,25,Muito Seco,1995
469001,2,1995-08-01,1,25.9,34.5,11.0,6,0.0,0.0,0.0,0.2,0.0,0.0,0.0,0.0,0.0,0.0,25.9,0.0,0.0,0.0,2.6,0.0,0.0,1.4,0.0,0.0,0.0,0.0,2.8,0.0,0.0,1.6,0.0,0.0,0.0,0.0,0.0,Inverno,25,Muito Seco,1995
469001,1,1995-08-01,1,25.9,34.5,11.0,6,0.0,0.0,0.0,0.2,0.0,0.0,0.0,0.0,0.0,0.0,25.9,0.0,0.0,0.0,2.6,0.0,0.0,1.4,0.0,0.0,0.0,0.0,2.8,0.0,0.0,1.6,0.0,0.0,0.0,0.0,0.0,Inverno,25,Muito Seco,1995
469001,2,1995-07-01,1,2.7,13.9,1.0,11,2.7,0.0,1.6,0.0,0.0,0.2,0.0,0.0,2.6,0.0,0.0,0.2,0.0,0.0,0.2,0.0,0.0,2.6,0.0,0.0,0.6,0.0,1.4,0.0,0.0,0.0,0.0,0.0,0.2,1.6,0.0,Inverno,20,Muito Seco,1995
469001,1,1995-07-01,1,2.7,13.9,1.0,11,2.7,0.0,1.6,0.0,0.0,0.2,0.0,0.0,2.6,0.0,0.0,0.2,0.0,0.0,0.2,0.0,0.0,2.6,0.0,0.0,0.6,0.0,1.4,0.0,0.0,0.0,0.0,0.0,0.2,1.6,0.0,Inverno,20,Muito Seco,1995
469001,2,1995-06-01,1,17.2,50.9,21.0,13,2.6,15.7,0.2,0.0,0.4,0.0,0.0,1.3,0.0,0.1,6.3,0.0,0.0,0.0,0.0,0.0,0.0,0.0,1.7,0.2,17.2,2.6,0.0,0.0,0.2,0.0,0.0,2.4,0.0,0.0,,Inverno,17,Muito Seco,1995
469001,1,1995-06-01,1,17.2,50.9,21.0,13,2.6,15.7,0.2,0.0,0.4,0.0,0.0,1.3,0.0,0.1,6.3,0.0,0.0,0.0,0.0,0.0,0.0,0.0,1.7,0.2,17.2,2.6,0.0,0.0,0.2,0.0,0.0,2.4,0.0,0.0,,Inverno,17,Muito Seco,1995
469001,2,1995-05-01,1,33.9,80.2,19.0,17,0.0,0.0,0.0,0.6,0.2,0.0,0.0,12.6,0.0,1.6,1.6,0.0,0.0,0.2,0.0,0.0,0.0,0.2,33.9,0.0,6.8,7.7,0.0,0.9,0.6,2.2,0.0,2.1,1.4,5.9,1.7,Outono,14,Muito Seco,1995
469001,1,1995-05-01,1,33.9,80.2,19.0,17,0.0,0.0,0.0,0.6,0.2,0.0,0.0,12.6,0.0,1.6,1.6,0.0,0.0,0.2,0.0,0.0,0.0,0.2,33.9,0.0,6.8,7.7,0.0,0.9,0.6,2.2,0.0,2.1,1.4,5.9,1.7,Outono,14,Muito Seco,1995
469001,2,1995-04-01,1,68.6,122.19999999999999,3.0,16,0.6,0.4,68.6,2.2,0.2,0.0,0.0,0.0,4.6,0.0,0.0,2.6,0.6,0.0,0.2,0.0,0.0,2.6,0.0,2.2,17.4,0.2,0.0,0.6,0.0,18.6,0.0,0.0,0.6,0.0,,Outono,14,Muito Seco,1995
469001,1,1995-04-01,1,68.6,122.19999999999999,3.0,16,0.6,0.4,68.6,2.2,0.2,0.0,0.0,0.0,4.6,0.0,0.0,2.6,0.6,0.0,0.2,0.0,0.0,2.6,0.0,2.2,17.4,0.2,0.0,0.6,0.0,18.6,0.0,0.0,0.6,0.0,,Outono,14,Muito Seco,1995
469001,2,1995-03-01,1,68.7,315.6,3.0,19,0.0,0.0,68.7,17.8,6.2,0.0,0.8,0.6,14.3,12.6,26.0,0.2,2.2,0.0,57.3,63.4,12.5,0.0,2.6,0.2,26.4,0.0,0.0,0.6,0.0,2.6,0.0,0.0,0.6,0.0,0.0,Outono,12,Muito Chuvoso,1995
469001,1,1995-03-01,1,68.7,315.6,3.0,19,0.0,0.0,68.7,17.8,6.2,0.0,0.8,0.6,14.3,12.6,26.0,0.2,2.2,0.0,57.3,63.4,12.5,0.0,2.6,0.2,26.4,0.0,0.0,0.6,0.0,2.6,0.0,0.0,0.6,0.0,0.0,Outono,12,Muito Chuvoso,1995
469001,2,1995-02-01,1,43.3,123.0,24.0,15,12.9,3.0,2.0,0.0,0.0,0.2,0.0,0.0,0.2,0.0,0.4,0.0,0.0,0.0,0.2,0.6,0.4,0.0,22.6,6.2,0.0,2.4,28.4,43.3,0.0,0.0,0.2,0.0,,,,Verão,13,Muito Seco,1995
469001,1,1995-02-01,1,43.3,123.0,24.0,15,12.9,3.0,2.0,0.0,0.0,0.2,0.0,0.0,0.2,0.0,0.4,0.0,0.0,0.0,0.2,0.6,0.4,0.0,22.6,6.2,0.0,2.4,28.4,43.3,0.0,0.0,0.2,0.0,,,,Verão,13,Muito Seco,1995
469001,2,1995-01-01,1,38.6,162.79999999999998,28.0,21,17.8,10.7,0.6,6.8,1.2,0.0,0.0,0.0,0.0,0.0,0.0,0.0,3.2,0.0,9.6,1.2,1.0,0.2,2.1,0.0,0.0,3.6,8.0,16.8,10.4,9.6,6.0,38.6,10.6,4.2,0.6,Verão,10,Normal,1995
469001,1,1995-01-01,1,38.6,162.79999999999998,28.0,21,17.8,10.7,0.6,6.8,1.2,0.0,0.0,0.0,0.0,0.0,0.0,0.0,3.2,0.0,9.6,1.2,1.0,0.2,2.1,0.0,0.0,3.6,8.0,16.8,10.4,9.6,6.0,38.6,10.6,4.2,0.6,Verão,10,Normal,1995
469001,2,1994-12-01,1,28.9,151.0,24.0,19,0.0,0.0,6.2,0.0,17.6,0.0,3.6,12.7,0.0,5.2,0.0,5.4,6.2,3.0,0.0,0.0,3.6,0.0,6.8,17.0,2.0,0.0,0.0,28.9,3.2,6.6,0.2,0.0,3.2,6.8,12.8,Verão,12,Normal,1994
469001,1,1994-12-01,1,28.9,151.0,24.0,19,0.0,0.0,6.2,0.0,17.6,0.0,3.6,12.7,0.0,5.2,0.0,5.4,6.2,3.0,0.0,0.0,3.6,0.0,6.8,17.0,2.0,0.0,0.0,28.9,3.2,6.6,0.2,0.0,3.2,6.8,12.8,Verão,12,Normal,1994
469001,2,1994-11-01,1,86.6,485.00000000000006,18.0,22,0.1,9.2,29.7,0.1,0.0,0.0,23.3,23.5,2.1,5.5,0.0,0.0,0.0,21.7,0.1,0.0,26.8,86.6,38.9,44.8,17.6,2.0,0.1,2.7,0.0,9.9,67.4,68.6,4.3,0.0,,Primavera,8,Muito Chuvoso,1994
469001,1,1994-11-01,1,86.6,485.00000000000006,18.0,22,0.1,9.2,29.7,0.1,0.0,0.0,23.3,23.5,2.1,5.5,0.0,0.0,0.0,21.7,0.1,0.0,26.8,86.6,38.9,44.8,17.6,2.0,0.1,2.7,0.0,9.9,67.4,68.6,4.3,0.0,,Primavera,8,Muito Chuvoso,1994
469001,2,1994-10-01,1,45.9,179.29999999999998,14.0,22,10.8,21.7,6.2,17.4,0.6,0.2,3.2,0.2,0.0,0.0,0.0,9.6,0.2,45.9,7.0,0.0,0.1,0.0,0.8,6.3,18.4,6.2,2.2,10.8,0.2,10.1,0.0,0.0,0.0,0.0,1.2,Primavera,9,Normal,1994
469001,1,1994-10-01,1,45.9,179.29999999999998,14.0,22,10.8,21.7,6.2,17.4,0.6,0.2,3.2,0.2,0.0,0.0,0.0,9.6,0.2,45.9,7.0,0.0,0.1,0.0,0.8,6.3,18.4,6.2,2.2,10.8,0.2,10.1,0.0,0.0,0.0,0.0,1.2,Primavera,9,Normal,1994
469001,2,1994-09-01,1,36.4,199.6,19.0,26,9.6,4.0,13.6,6.0,0.6,5.2,2.1,0.6,0.2,17.6,6.4,4.8,7.3,0.8,5.8,0.2,0.0,2.8,36.4,4.9,2.2,10.6,8.9,14.8,6.7,21.8,5.7,0.0,0.0,0.0,,Primavera,4,Normal,1994
469001,1,1994-09-01,1,36.4,199.6,19.0,26,9.6,4.0,13.6,6.0,0.6,5.2,2.1,0.6,0.2,17.6,6.4,4.8,7.3,0.8,5.8,0.2,0.0,2.8,36.4,4.9,2.2,10.6,8.9,14.8,6.7,21.8,5.7,0.0,0.0,0.0,,Primavera,4,Normal,1994
469001,2,1994-08-01,1,31.2,259.40000000000003,24.0,30,12.6,0.6,9.3,0.2,16.4,0.1,10.3,9.6,0.6,5.0,28.6,0.0,0.2,0.2,12.4,6.3,26.8,0.4,0.2,0.8,17.2,4.7,19.0,31.2,12.6,9.3,0.9,1.3,0.4,12.4,9.8,Inverno,1,Normal,1994
469001,1,1994-08-01,1,31.2,259.40000000000003,24.0,30,12.6,0.6,9.3,0.2,16.4,0.1,10.3,9.6,0.6,5.0,28.6,0.0,0.2,0.2,12.4,6.3,26.8,0.4,0.2,0.8,17.2,4.7,19.0,31.2,12.6,9.3,0.9,1.3,0.4,12.4,9.8,Inverno,1,Normal,1994
469001,2,1994-07-01,1,18.7,160.4,4.0,24,0.0,6.2,13.6,18.7,13.5,0.0,0.0,1.6,6.7,9.3,12.8,5.7,6.9,0.2,2.9,13.6,3.2,4.1,9.0,0.0,0.1,0.2,2.3,0.6,0.0,5.2,0.0,9.4,13.8,0.0,0.8,Inverno,7,Normal,1994
469001,1,1994-07-01,1,18.7,160.4,4.0,24,0.0,6.2,13.6,18.7,13.5,0.0,0.0,1.6,6.7,9.3,12.8,5.7,6.9,0.2,2.9,13.6,3.2,4.1,9.0,0.0,0.1,0.2,2.3,0.6,0.0,5.2,0.0,9.4,13.8,0.0,0.8,Inverno,7,Normal,1994
469001,2,1994-06-01,1,76.5,341.2,9.0,23,9.2,5.1,24.9,3.9,4.2,5.8,12.9,0.3,76.5,21.2,17.9,9.4,14.9,0.1,0.5,0.0,25.7,0.0,0.0,0.0,25.9,22.3,8.1,12.6,7.3,3.6,28.9,0.0,0.0,0.0,,Inverno,7,Muito Chuvoso,1994
469001,1,1994-06-01,1,76.5,341.2,9.0,23,9.2,5.1,24.9,3.9,4.2,5.8,12.9,0.3,76.5,21.2,17.9,9.4,14.9,0.1,0.5,0.0,25.7,0.0,0.0,0.0,25.9,22.3,8.1,12.6,7.3,3.6,28.9,0.0,0.0,0.0,,Inverno,7,Muito Chuvoso,1994
469001,2,1994-05-01,1,52.9,362.9999999999999,18.0,26,0.0,3.7,3.0,36.1,0.0,27.1,0.4,31.5,0.0,2.3,1.0,9.4,0.0,0.5,0.5,0.2,1.9,52.9,31.9,27.5,1.1,0.0,0.1,15.1,11.7,49.9,7.7,9.4,3.2,30.0,4.9,Outono,5,Muito Chuvoso,1994
469001,1,1994-05-01,1,52.9,362.9999999999999,18.0,26,0.0,3.7,3.0,36.1,0.0,27.1,0.4,31.5,0.0,2.3,1.0,9.4,0.0,0.5,0.5,0.2,1.9,52.9,31.9,27.5,1.1,0.0,0.1,15.1,11.7,49.9,7.7,9.4,3.2,30.0,4.9,Outono,5,Muito Chuvoso,1994
469001,2,1994-04-01,1,45.0,196.79999999999998,13.0,22,3.2,0.0,2.2,18.2,0.2,0.0,13.2,12.2,0.0,0.0,0.6,16.0,45.0,2.4,3.2,13.0,1.2,2.0,0.0,17.0,0.0,0.8,0.0,12.8,13.2,0.0,1.6,1.5,17.2,0.1,,Outono,8,Normal,1994
469001,1,1994-04-01,1,45.0,196.79999999999998,13.0,22,3.2,0.0,2.2,18.2,0.2,0.0,13.2,12.2,0.0,0.0,0.6,16.0,45.0,2.4,3.2,13.0,1.2,2.0,0.0,17.0,0.0,0.8,0.0,12.8,13.2,0.0,1.6,1.5,17.2,0.1,,Outono,8,Normal,1994
469001,2,1994-03-01,1,45.0,0.0,,0,,,,,,,,,,,,,,,,,,,,,,,,,,,,,,,,Outono,31,Muito Seco,1994
469001,2,1994-02-01,1,45.0,0.0,,0,,,,,,,,,,,,,,,,,,,,,,,,,,,,,,,,Verão,28,Muito Seco,1994
469001,2,1994-01-01,1,45.0,0.0,,0,,,,,,,,,,,,,,,,,,,,,,,,,,,,,,,,Verão,31,Muito Seco,1994
469001,2,1993-12-01,1,45.0,0.0,,0,,,,,,,,,,,,,,,,,,,,,,,,,,,,,,,,Verão,31,Muito Seco,1993
469001,2,1993-11-01,1,45.0,0.0,,0,,,,,,,,,,,,,,,,,,,,,,,,,,,,,,,,Primavera,30,Muito Seco,1993
469001,2,1993-10-01,1,45.0,0.0,,0,,,,,,,,,,,,,,,,,,,,,,,,,,,,,,,,Primavera,31,Muito Seco,1993
469001,2,1993-09-01,1,43.6,163.60000000000005,,21,0.0,0.0,0.0,38.6,0.0,10.0,0.0,36.4,0.0,0.0,12.8,0.0,6.2,0.0,8.0,43.6,3.8,0.6,0.3,0.3,0.3,0.3,0.3,0.3,0.3,0.3,0.3,0.3,0.3,0.3,,Primavera,9,Normal,1993
469001,1,1993-09-01,1,43.6,160.0,16.0,9,0.0,0.0,0.0,38.6,0.0,10.0,0.0,36.4,0.0,0.0,12.8,0.0,6.2,0.0,8.0,43.6,3.8,0.6,0.0,0.0,0.0,0.0,0.0,0.0,0.0,0.0,0.0,0.0,0.0,0.0,,Primavera,21,Normal,1993
469001,2,1993-08-01,1,57.6,243.0,27.0,14,0.0,12.0,0.0,13.0,8.8,0.0,0.0,0.0,16.8,25.0,0.0,0.0,6.4,0.0,0.0,18.6,12.2,18.4,0.0,6.4,0.0,24.4,0.0,0.0,5.4,0.0,57.6,18.0,0.0,0.0,0.0,Inverno,17,Normal,1993
469001,1,1993-08-01,1,57.6,243.0,27.0,14,0.0,12.0,0.0,13.0,8.8,0.0,0.0,0.0,16.8,25.0,0.0,0.0,6.4,0.0,0.0,18.6,12.2,18.4,0.0,6.4,0.0,24.4,0.0,0.0,5.4,0.0,57.6,18.0,0.0,0.0,0.0,Inverno,17,Normal,1993
469001,2,1993-07-01,1,30.0,94.8,30.0,13,0.0,0.0,2.6,0.0,0.0,0.0,0.0,8.0,0.0,0.0,7.6,12.2,14.8,4.0,0.0,0.0,0.0,0.0,0.0,1.4,2.4,0.0,0.0,0.4,0.0,0.0,0.0,0.8,0.6,30.0,10.0,Inverno,18,Muito Seco,1993
469001,1,1993-07-01,1,30.0,94.8,30.0,13,0.0,0.0,2.6,0.0,0.0,0.0,0.0,8.0,0.0,0.0,7.6,12.2,14.8,4.0,0.0,0.0,0.0,0.0,0.0,1.4,2.4,0.0,0.0,0.4,0.0,0.0,0.0,0.8,0.6,30.0,10.0,Inverno,18,Muito Seco,1993
469001,2,1993-06-01,1,31.5,186.5,25.0,13,0.0,0.0,0.0,26.2,0.0,0.0,18.8,0.0,0.0,6.4,22.6,0.0,0.0,0.0,0.0,0.0,0.0,0.0,0.0,0.0,0.0,0.6,5.0,6.1,31.5,29.5,18.0,1.8,14.8,5.2,,Inverno,17,Normal,1993
469001,1,1993-06-01,1,31.5,186.5,25.0,13,0.0,0.0,0.0,26.2,0.0,0.0,18.8,0.0,0.0,6.4,22.6,0.0,0.0,0.0,0.0,0.0,0.0,0.0,0.0,0.0,0.0,0.6,5.0,6.1,31.5,29.5,18.0,1.8,14.8,5.2,,Inverno,17,Normal,1993
469001,2,1993-05-01,1,44.0,120.60000000000001,4.0,6,0.0,0.0,0.0,44.0,0.0,0.0,0.0,25.0,0.0,0.0,0.0,0.0,0.0,0.0,0.0,0.0,0.0,4.8,0.0,0.0,33.6,0.0,0.0,0.0,8.4,0.0,0.0,4.8,0.0,0.0,0.0,Outono,25,Muito Seco,1993
469001,1,1993-05-01,1,44.0,120.60000000000001,4.0,6,0.0,0.0,0.0,44.0,0.0,0.0,0.0,25.0,0.0,0.0,0.0,0.0,0.0,0.0,0.0,0.0,0.0,4.8,0.0,0.0,33.6,0.0,0.0,0.0,8.4,0.0,0.0,4.8,0.0,0.0,0.0,Outono,25,Muito Seco,1993
469001,2,1993-04-01,1,64.6,460.4,8.0,19,1.8,0.0,26.4,0.0,0.0,57.4,15.4,64.6,0.0,0.0,0.0,0.0,0.0,46.2,20.0,16.8,8.2,50.0,26.8,16.6,8.4,22.0,0.0,0.0,15.6,4.4,9.2,45.4,5.2,0.0,,Outono,11,Muito Chuvoso,1993
469001,1,1993-04-01,1,64.6,460.4,8.0,19,1.8,0.0,26.4,0.0,0.0,57.4,15.4,64.6,0.0,0.0,0.0,0.0,0.0,46.2,20.0,16.8,8.2,50.0,26.8,16.6,8.4,22.0,0.0,0.0,15.6,4.4,9.2,45.4,5.2,0.0,,Outono,11,Muito Chuvoso,1993
469001,2,1993-03-01,1,63.8,310.2,5.0,15,0.0,34.0,0.0,0.0,63.8,0.0,0.0,4.4,23.4,0.0,9.2,4.4,0.0,7.0,0.0,0.0,0.0,6.2,0.0,6.4,23.0,0.0,0.0,26.6,0.0,23.0,50.0,24.2,0.0,4.6,0.0,Outono,16,Muito Chuvoso,1993
469001,1,1993-03-01,1,63.8,310.2,5.0,15,0.0,34.0,0.0,0.0,63.8,0.0,0.0,4.4,23.4,0.0,9.2,4.4,0.0,7.0,0.0,0.0,0.0,6.2,0.0,6.4,23.0,0.0,0.0,26.6,0.0,23.0,50.0,24.2,0.0,4.6,0.0,Outono,16,Muito Chuvoso,1993
469001,2,1993-02-01,1,70.2,215.6,4.0,11,8.2,0.0,15.6,70.2,16.0,0.0,0.0,0.0,13.8,0.0,6.2,0.0,0.0,0.0,10.4,2.2,0.0,0.0,0.0,0.0,0.0,45.4,0.0,15.0,0.0,0.0,0.0,12.6,,,,Verão,17,Normal,1993
469001,1,1993-02-01,1,70.2,215.6,4.0,11,8.2,0.0,15.6,70.2,16.0,0.0,0.0,0.0,13.8,0.0,6.2,0.0,0.0,0.0,10.4,2.2,0.0,0.0,0.0,0.0,0.0,45.4,0.0,15.0,0.0,0.0,0.0,12.6,,,,Verão,17,Normal,1993
469001,2,1993-01-01,1,43.2,218.2,25.0,13,32.2,25.4,11.2,7.0,0.0,25.0,0.0,0.0,0.0,7.2,0.0,0.0,10.4,0.0,6.6,0.0,0.0,0.0,13.8,5.6,0.0,0.0,21.4,0.0,43.2,0.0,0.0,9.2,0.0,0.0,0.0,Verão,18,Normal,1993
469001,1,1993-01-01,1,43.2,218.2,25.0,13,32.2,25.4,11.2,7.0,0.0,25.0,0.0,0.0,0.0,7.2,0.0,0.0,10.4,0.0,6.6,0.0,0.0,0.0,13.8,5.6,0.0,0.0,21.4,0.0,43.2,0.0,0.0,9.2,0.0,0.0,0.0,Verão,18,Normal,1993
469001,2,1992-12-01,1,36.2,245.99999999999997,28.0,13,12.6,0.0,0.0,0.0,23.8,0.0,0.0,2.8,0.0,8.6,0.0,0.0,5.4,0.0,0.0,13.2,0.0,0.0,20.6,13.4,0.0,16.6,0.0,0.0,34.0,0.0,24.2,36.2,0.0,0.0,34.6,Verão,18,Normal,1992
469001,1,1992-12-01,1,36.2,245.99999999999997,28.0,13,12.6,0.0,0.0,0.0,23.8,0.0,0.0,2.8,0.0,8.6,0.0,0.0,5.4,0.0,0.0,13.2,0.0,0.0,20.6,13.4,0.0,16.6,0.0,0.0,34.0,0.0,24.2,36.2,0.0,0.0,34.6,Verão,18,Normal,1992
469001,2,1992-11-01,1,28.8,109.60000000000001,4.0,8,0.0,0.0,0.0,28.8,0.0,0.0,6.6,0.0,0.0,0.0,0.0,16.2,0.0,0.0,4.8,0.0,0.0,0.0,0.0,14.6,0.0,0.0,10.4,0.0,0.0,0.0,0.0,6.2,22.0,0.0,,Primavera,22,Muito Seco,1992
469001,1,1992-11-01,1,28.8,109.60000000000001,4.0,8,0.0,0.0,0.0,28.8,0.0,0.0,6.6,0.0,0.0,0.0,0.0,16.2,0.0,0.0,4.8,0.0,0.0,0.0,0.0,14.6,0.0,0.0,10.4,0.0,0.0,0.0,0.0,6.2,22.0,0.0,,Primavera,22,Muito Seco,1992
469001,2,1992-10-01,1,22.2,99.0,13.0,10,0.0,0.0,18.0,0.0,0.0,8.0,0.0,0.0,0.0,2.4,12.4,0.0,22.2,0.0,0.0,0.0,0.0,0.0,4.0,0.0,0.0,0.0,0.0,0.0,8.8,0.0,6.4,4.2,0.0,12.6,0.0,Primavera,21,Muito Seco,1992
469001,1,1992-10-01,1,22.2,109.0,13.0,10,0.0,0.0,18.0,0.0,0.0,8.0,0.0,0.0,0.0,12.4,12.4,0.0,22.2,0.0,0.0,0.0,0.0,0.0,4.0,0.0,0.0,0.0,0.0,0.0,8.8,0.0,6.4,4.2,0.0,12.6,0.0,Primavera,21,Muito Seco,1992
469001,2,1992-09-01,1,45.0,170.20000000000002,20.0,11,0.0,0.0,20.0,0.0,0.0,0.0,6.8,0.0,21.0,0.0,0.0,0.0,0.0,28.0,0.0,0.0,6.4,0.0,5.2,45.0,0.0,0.0,0.0,17.4,10.0,0.0,0.0,6.0,0.0,4.4,,Primavera,19,Normal,1992
469001,1,1992-09-01,1,45.0,170.4,20.0,11,0.0,0.0,20.0,0.0,0.0,0.0,6.8,0.0,21.0,0.0,0.0,0.0,0.0,28.0,0.0,0.0,6.4,0.0,5.4,45.0,0.0,0.0,0.0,17.4,10.0,0.0,0.0,6.0,0.0,4.4,,Primavera,19,Normal,1992
469001,2,1992-08-01,1,33.8,185.6,8.0,8,0.0,0.0,0.0,0.0,0.0,0.0,22.4,33.8,0.0,22.4,7.6,0.0,0.0,0.0,0.0,0.0,0.0,0.0,32.0,17.0,0.0,0.0,0.0,0.0,0.0,0.0,19.8,0.0,30.6,0.0,0.0,Inverno,23,Normal,1992
469001,1,1992-08-01,1,33.8,185.6,8.0,8,0.0,0.0,0.0,0.0,0.0,0.0,22.4,33.8,0.0,22.4,7.6,0.0,0.0,0.0,0.0,0.0,0.0,0.0,32.0,17.0,0.0,0.0,0.0,0.0,0.0,0.0,19.8,0.0,30.6,0.0,0.0,Inverno,23,Normal,1992
469001,2,1992-07-01,1,18.0,55.8,3.0,6,0.0,8.0,18.0,0.0,0.0,0.0,0.0,0.0,0.0,4.8,0.0,6.8,0.0,12.6,0.0,5.6,0.0,0.0,0.0,0.0,0.0,0.0,0.0,0.0,0.0,0.0,0.0,0.0,0.0,0.0,0.0,Inverno,25,Muito Seco,1992
469001,1,1992-07-01,1,18.0,55.8,3.0,6,0.0,8.0,18.0,0.0,0.0,0.0,0.0,0.0,0.0,4.8,0.0,6.8,0.0,12.6,0.0,5.6,0.0,0.0,0.0,0.0,0.0,0.0,0.0,0.0,0.0,0.0,0.0,0.0,0.0,0.0,0.0,Inverno,25,Muito Seco,1992
469001,2,1992-06-01,1,24.0,162.8,17.0,13,17.0,0.0,0.0,6.6,0.0,0.0,23.6,13.0,0.0,10.8,8.2,0.0,0.0,5.2,8.4,0.0,24.0,18.0,8.4,0.0,16.0,3.6,0.0,0.0,0.0,0.0,0.0,0.0,0.0,0.0,,Inverno,17,Normal,1992
469001,1,1992-06-01,1,24.0,162.8,17.0,13,17.0,0.0,0.0,6.6,0.0,0.0,23.6,13.0,0.0,10.8,8.2,0.0,0.0,5.2,8.4,0.0,24.0,18.0,8.4,0.0,16.0,3.6,0.0,0.0,0.0,0.0,0.0,0.0,0.0,0.0,,Inverno,17,Normal,1992
469001,2,1992-05-01,1,75.0,196.39999999999998,9.0,11,0.0,0.0,0.0,30.4,0.0,0.0,0.0,7.0,75.0,0.0,4.0,9.8,7.2,0.0,10.8,0.0,0.0,4.2,0.0,0.0,14.0,17.8,0.0,0.0,16.2,0.0,0.0,0.0,0.0,0.0,0.0,Outono,20,Normal,1992
469001,1,1992-05-01,1,75.0,196.39999999999998,9.0,11,0.0,0.0,0.0,30.4,0.0,0.0,0.0,7.0,75.0,0.0,4.0,9.8,7.2,0.0,10.8,0.0,0.0,4.2,0.0,0.0,14.0,17.8,0.0,0.0,16.2,0.0,0.0,0.0,0.0,0.0,0.0,Outono,20,Normal,1992
469001,2,1992-04-01,1,203.2,390.0,8.0,11,0.0,0.0,0.0,0.0,0.0,0.0,0.0,203.2,16.4,0.0,8.0,0.0,43.4,0.0,0.0,5.4,0.0,0.0,6.0,8.4,0.0,0.0,0.0,39.4,30.4,0.0,8.8,20.6,0.0,0.0,,Outono,19,Muito Chuvoso,1992
469001,1,1992-04-01,1,203.2,390.0,8.0,11,0.0,0.0,0.0,0.0,0.0,0.0,0.0,203.2,16.4,0.0,8.0,0.0,43.4,0.0,0.0,5.4,0.0,0.0,6.0,8.4,0.0,0.0,0.0,39.4,30.4,0.0,8.8,20.6,0.0,0.0,,Outono,19,Muito Chuvoso,1992
469001,2,1992-03-01,1,67.8,459.4,13.0,15,33.2,16.8,15.0,55.0,25.0,18.6,33.0,19.0,18.8,0.0,50.0,41.0,67.8,34.6,6.6,25.0,0.0,0.0,0.0,0.0,0.0,0.0,0.0,0.0,0.0,0.0,0.0,0.0,0.0,0.0,0.0,Outono,16,Muito Chuvoso,1992
469001,1,1992-03-01,1,67.8,459.4,13.0,15,33.2,16.8,15.0,55.0,25.0,18.6,33.0,19.0,18.8,0.0,50.0,41.0,67.8,34.6,6.6,25.0,0.0,0.0,0.0,0.0,0.0,0.0,0.0,0.0,0.0,0.0,0.0,0.0,0.0,0.0,0.0,Outono,16,Muito Chuvoso,1992
469001,2,1992-02-01,1,66.0,189.99999999999997,23.0,12,0.0,1.0,10.4,0.0,6.6,0.0,0.0,13.0,0.0,0.0,0.0,0.0,0.0,0.0,14.0,0.0,5.0,0.0,0.0,46.4,0.0,0.0,66.0,8.0,4.4,13.0,2.2,0.0,0.0,,,Verão,17,Normal,1992
469001,1,1992-02-01,1,66.0,189.99999999999997,23.0,12,0.0,1.0,10.4,0.0,6.6,0.0,0.0,13.0,0.0,0.0,0.0,0.0,0.0,0.0,14.0,0.0,5.0,0.0,0.0,46.4,0.0,0.0,66.0,8.0,4.4,13.0,2.2,0.0,0.0,,,Verão,17,Normal,1992
469001,2,1992-01-01,1,27.0,324.79999999999995,22.0,20,12.2,0.0,0.0,25.0,6.8,9.0,0.0,20.0,23.2,18.8,16.6,21.4,22.8,6.0,19.0,0.0,10.0,12.0,0.0,13.2,11.8,27.0,0.0,0.0,16.8,0.0,8.2,25.0,0.0,0.0,0.0,Verão,11,Muito Chuvoso,1992
469001,1,1992-01-01,1,27.0,324.79999999999995,22.0,20,12.2,0.0,0.0,25.0,6.8,9.0,0.0,20.0,23.2,18.8,16.6,21.4,22.8,6.0,19.0,0.0,10.0,12.0,0.0,13.2,11.8,27.0,0.0,0.0,16.8,0.0,8.2,25.0,0.0,0.0,0.0,Verão,11,Muito Chuvoso,1992
469001,2,1991-12-01,1,25.0,258.5,,28,8.1,8.1,8.1,8.1,8.1,8.1,8.1,8.1,8.1,8.1,8.1,8.1,8.1,8.1,8.1,8.1,8.1,8.1,8.1,12.0,0.0,12.0,10.2,8.0,0.0,15.4,6.8,8.2,7.0,0.0,25.0,Verão,3,Normal,1991
469001,1,1991-12-01,1,25.0,258.5,31.0,28,8.1,8.1,8.1,8.1,8.1,8.1,8.1,8.1,8.1,8.1,8.1,8.1,8.1,8.1,8.1,8.1,8.1,8.1,8.1,12.0,0.0,12.0,10.2,8.0,0.0,15.4,6.8,8.2,7.0,0.0,25.0,Verão,3,Normal,1991
469001,2,1991-11-01,1,45.0,0.0,,0,,,,,,,,,,,,,,,,,,,,,,,,,,,,,,,,Primavera,30,Muito Seco,1991
469001,2,1991-10-01,1,23.6,44.800000000000004,9.0,3,0.0,0.0,0.0,0.0,8.8,0.0,0.0,0.0,23.6,0.0,0.0,0.0,0.0,0.0,12.4,0.0,0.0,0.0,0.0,0.0,0.0,0.0,0.0,0.0,0.0,0.0,0.0,0.0,0.0,0.0,0.0,Primavera,28,Muito Seco,1991
469001,1,1991-10-01,1,23.6,44.800000000000004,9.0,3,0.0,0.0,0.0,0.0,8.8,0.0,0.0,0.0,23.6,0.0,0.0,0.0,0.0,0.0,12.4,0.0,0.0,0.0,0.0,0.0,0.0,0.0,0.0,0.0,0.0,0.0,0.0,0.0,0.0,0.0,0.0,Primavera,28,Muito Seco,1991
469001,2,1991-09-01,1,85.0,153.0,13.0,6,0.0,0.0,0.0,0.0,14.8,0.0,4.2,0.0,0.0,0.0,0.0,23.8,85.0,0.0,0.0,0.0,0.0,0.0,0.0,8.4,0.0,0.0,0.0,0.0,0.0,0.0,0.0,0.0,16.8,0.0,,Primavera,24,Normal,1991
469001,1,1991-09-01,1,85.0,153.0,13.0,6,0.0,0.0,0.0,0.0,14.8,0.0,4.2,0.0,0.0,0.0,0.0,23.8,85.0,0.0,0.0,0.0,0.0,0.0,0.0,8.4,0.0,0.0,0.0,0.0,0.0,0.0,0.0,0.0,16.8,0.0,,Primavera,24,Normal,1991
469001,2,1991-08-01,1,35.4,88.4,22.0,7,3.0,0.0,0.0,0.0,0.0,0.0,0.0,0.0,10.4,0.0,0.0,0.0,7.2,0.0,0.0,0.0,0.0,0.0,0.0,0.0,0.0,35.4,0.0,0.0,0.0,10.4,7.2,0.0,14.8,0.0,0.0,Inverno,24,Muito Seco,1991
469001,1,1991-08-01,1,35.4,88.4,22.0,7,3.0,0.0,0.0,0.0,0.0,0.0,0.0,0.0,10.4,0.0,0.0,0.0,7.2,0.0,0.0,0.0,0.0,0.0,0.0,0.0,0.0,35.4,0.0,0.0,0.0,10.4,7.2,0.0,14.8,0.0,0.0,Inverno,24,Muito Seco,1991
469001,2,1991-07-01,1,49.6,86.8,19.0,4,0.0,0.0,0.0,0.0,0.0,0.0,0.0,0.0,6.6,28.0,0.0,0.0,0.0,0.0,0.0,0.0,0.0,0.0,49.6,0.0,0.0,0.0,0.0,0.0,0.0,0.0,0.0,0.0,2.6,0.0,0.0,Inverno,27,Muito Seco,1991
469001,1,1991-07-01,1,49.6,86.8,19.0,4,0.0,0.0,0.0,0.0,0.0,0.0,0.0,0.0,6.6,28.0,0.0,0.0,0.0,0.0,0.0,0.0,0.0,0.0,49.6,0.0,0.0,0.0,0.0,0.0,0.0,0.0,0.0,0.0,2.6,0.0,0.0,Inverno,27,Muito Seco,1991
469001,2,1991-06-01,1,61.4,278.79999999999995,14.0,9,0.0,17.8,24.2,28.2,0.0,60.2,4.4,0.0,0.0,0.0,0.0,0.0,0.0,61.4,0.0,0.0,0.0,0.0,1.4,0.0,0.0,0.0,0.0,57.4,0.0,0.0,0.0,23.8,0.0,0.0,,Inverno,21,Muito Chuvoso,1991
469001,1,1991-06-01,1,61.4,278.79999999999995,14.0,9,0.0,17.8,24.2,28.2,0.0,60.2,4.4,0.0,0.0,0.0,0.0,0.0,0.0,61.4,0.0,0.0,0.0,0.0,1.4,0.0,0.0,0.0,0.0,57.4,0.0,0.0,0.0,23.8,0.0,0.0,,Inverno,21,Muito Chuvoso,1991
469001,2,1991-05-01,1,65.0,405.8,4.0,16,45.0,5.0,0.0,65.0,10.0,0.0,50.0,47.0,0.0,10.0,0.0,0.0,0.0,21.4,0.0,0.0,0.0,53.6,8.6,0.0,2.4,0.0,0.0,0.0,25.0,0.0,12.6,37.6,0.0,3.2,9.4,Outono,15,Muito Chuvoso,1991
469001,1,1991-05-01,1,65.0,405.8,4.0,16,45.0,5.0,0.0,65.0,10.0,0.0,50.0,47.0,0.0,10.0,0.0,0.0,0.0,21.4,0.0,0.0,0.0,53.6,8.6,0.0,2.4,0.0,0.0,0.0,25.0,0.0,12.6,37.6,0.0,3.2,9.4,Outono,15,Muito Chuvoso,1991
469001,2,1991-04-01,1,72.4,359.0,25.0,13,0.0,0.0,0.0,5.2,0.0,4.4,0.0,21.4,3.8,0.0,0.0,0.0,0.0,0.0,52.8,0.0,0.0,30.2,0.0,30.6,47.0,0.0,43.0,0.0,72.4,5.4,0.0,28.6,14.2,0.0,,Outono,17,Muito Chuvoso,1991
469001,1,1991-04-01,1,72.4,445.3999999999999,25.0,13,0.0,0.0,0.0,52.0,0.0,44.0,0.0,21.4,3.8,0.0,0.0,0.0,0.0,0.0,52.8,0.0,0.0,30.2,0.0,30.6,47.0,0.0,43.0,0.0,72.4,5.4,0.0,28.6,14.2,0.0,,Outono,17,Muito Chuvoso,1991
469001,2,1991-03-01,1,75.0,375.79999999999995,27.0,16,4.0,25.0,0.0,36.4,0.0,6.8,0.0,12.6,0.0,12.4,41.4,8.6,25.0,9.4,0.0,0.0,0.0,45.4,0.0,0.0,32.0,11.6,0.0,0.0,0.0,0.0,75.0,5.2,25.0,0.0,0.0,Outono,15,Muito Chuvoso,1991
469001,1,1991-03-01,1,75.0,375.79999999999995,27.0,16,4.0,25.0,0.0,36.4,0.0,6.8,0.0,12.6,0.0,12.4,41.4,8.6,25.0,9.4,0.0,0.0,0.0,45.4,0.0,0.0,32.0,11.6,0.0,0.0,0.0,0.0,75.0,5.2,25.0,0.0,0.0,Outono,15,Muito Chuvoso,1991
469001,2,1991-02-01,1,39.2,311.40000000000003,12.0,18,38.6,11.4,0.0,0.0,26.2,0.0,23.8,13.6,11.4,0.0,0.0,39.2,10.8,11.4,13.6,0.0,8.8,16.2,18.4,6.6,0.0,18.4,0.0,0.0,16.8,8.2,18.0,0.0,,,,Verão,10,Muito Chuvoso,1991
469001,1,1991-02-01,1,39.2,311.40000000000003,12.0,18,38.6,11.4,0.0,0.0,26.2,0.0,23.8,13.6,11.4,0.0,0.0,39.2,10.8,11.4,13.6,0.0,8.8,16.2,18.4,6.6,0.0,18.4,0.0,0.0,16.8,8.2,18.0,0.0,,,,Verão,10,Muito Chuvoso,1991
469001,2,1991-01-01,1,45.0,264.0,10.0,17,0.0,16.8,8.2,14.4,10.6,0.0,0.0,0.0,0.0,45.0,39.2,13.4,0.0,0.0,0.0,0.0,4.6,11.8,0.0,32.0,0.0,8.0,11.6,5.4,0.0,6.2,11.8,0.0,14.4,0.0,10.6,Verão,14,Normal,1991
469001,1,1991-01-01,1,45.0,264.0,10.0,17,0.0,16.8,8.2,14.4,10.6,0.0,0.0,0.0,0.0,45.0,39.2,13.4,0.0,0.0,0.0,0.0,4.6,11.8,0.0,32.0,0.0,8.0,11.6,5.4,0.0,6.2,11.8,0.0,14.4,0.0,10.6,Verão,14,Normal,1991
469001,2,1990-12-01,1,88.2,360.4,5.0,16,7.6,0.0,8.6,0.0,88.2,0.0,0.0,0.0,0.0,40.8,0.0,0.0,38.8,0.0,0.0,25.0,13.8,0.0,29.6,8.2,0.0,36.0,14.0,25.0,0.0,5.4,4.2,0.0,0.0,8.8,6.4,Verão,15,Muito Chuvoso,1990
469001,1,1990-12-01,1,88.2,360.4,5.0,16,7.6,0.0,8.6,0.0,88.2,0.0,0.0,0.0,0.0,40.8,0.0,0.0,38.8,0.0,0.0,25.0,13.8,0.0,29.6,8.2,0.0,36.0,14.0,25.0,0.0,5.4,4.2,0.0,0.0,8.8,6.4,Verão,15,Muito Chuvoso,1990
469001,2,1990-11-01,1,49.0,285.6,30.0,13,6.8,0.0,0.0,0.0,0.0,0.0,7.6,0.0,8.0,0.0,0.0,0.0,19.2,0.0,43.4,16.8,8.4,0.0,16.4,0.0,32.4,0.0,0.0,37.4,0.0,27.2,0.0,0.0,13.0,49.0,,Primavera,17,Muito Chuvoso,1990
469001,1,1990-11-01,1,49.0,285.6,30.0,13,6.8,0.0,0.0,0.0,0.0,0.0,7.6,0.0,8.0,0.0,0.0,0.0,19.2,0.0,43.4,16.8,8.4,0.0,16.4,0.0,32.4,0.0,0.0,37.4,0.0,27.2,0.0,0.0,13.0,49.0,,Primavera,17,Muito Chuvoso,1990
469001,2,1990-10-01,1,0.0,0.0,1.0,0,0.0,0.0,0.0,0.0,0.0,0.0,0.0,0.0,0.0,0.0,0.0,0.0,0.0,0.0,0.0,0.0,0.0,0.0,0.0,0.0,0.0,0.0,0.0,0.0,0.0,0.0,0.0,0.0,0.0,0.0,0.0,Primavera,31,Muito Seco,1990
469001,1,1990-10-01,1,0.0,0.0,1.0,0,0.0,0.0,0.0,0.0,0.0,0.0,0.0,0.0,0.0,0.0,0.0,0.0,0.0,0.0,0.0,0.0,0.0,0.0,0.0,0.0,0.0,0.0,0.0,0.0,0.0,0.0,0.0,0.0,0.0,0.0,0.0,Primavera,31,Muito Seco,1990
469001,2,1990-09-01,1,0.0,0.0,1.0,0,0.0,0.0,0.0,0.0,0.0,0.0,0.0,0.0,0.0,0.0,0.0,0.0,0.0,0.0,0.0,0.0,0.0,0.0,0.0,0.0,0.0,0.0,0.0,0.0,0.0,0.0,0.0,0.0,0.0,0.0,,Primavera,30,Muito Seco,1990
469001,1,1990-09-01,1,0.0,0.0,1.0,0,0.0,0.0,0.0,0.0,0.0,0.0,0.0,0.0,0.0,0.0,0.0,0.0,0.0,0.0,0.0,0.0,0.0,0.0,0.0,0.0,0.0,0.0,0.0,0.0,0.0,0.0,0.0,0.0,0.0,0.0,,Primavera,30,Muito Seco,1990
469001,2,1990-08-01,1,0.0,0.0,1.0,0,0.0,0.0,0.0,0.0,0.0,0.0,0.0,0.0,0.0,0.0,0.0,0.0,0.0,0.0,0.0,0.0,0.0,0.0,0.0,0.0,0.0,0.0,0.0,0.0,0.0,0.0,0.0,0.0,0.0,0.0,0.0,Inverno,31,Muito Seco,1990
469001,1,1990-08-01,1,0.0,0.0,1.0,0,0.0,0.0,0.0,0.0,0.0,0.0,0.0,0.0,0.0,0.0,0.0,0.0,0.0,0.0,0.0,0.0,0.0,0.0,0.0,0.0,0.0,0.0,0.0,0.0,0.0,0.0,0.0,0.0,0.0,0.0,0.0,Inverno,31,Muito Seco,1990
469001,2,1990-07-01,1,34.0,202.59999999999997,28.0,14,0.0,25.0,0.0,8.8,0.0,13.0,7.0,5.0,14.0,11.0,15.0,10.0,20.0,0.0,0.0,0.0,0.0,0.0,0.0,8.8,0.0,0.0,27.8,0.0,0.0,3.2,0.0,34.0,0.0,0.0,0.0,Inverno,17,Normal,1990
469001,1,1990-07-01,1,34.0,202.59999999999997,28.0,14,0.0,25.0,0.0,8.8,0.0,13.0,7.0,5.0,14.0,11.0,15.0,10.0,20.0,0.0,0.0,0.0,0.0,0.0,0.0,8.8,0.0,0.0,27.8,0.0,0.0,3.2,0.0,34.0,0.0,0.0,0.0,Inverno,17,Normal,1990
469001,2,1990-06-01,1,25.0,196.0,8.0,13,20.0,23.0,18.0,22.0,0.0,0.0,2.6,25.0,0.0,0.0,0.0,15.0,12.0,0.0,20.0,0.0,0.0,0.0,18.0,0.0,0.0,0.0,0.0,10.0,2.4,0.0,0.0,8.0,0.0,0.0,,Inverno,17,Normal,1990
469001,1,1990-06-01,1,25.0,196.0,8.0,13,20.0,23.0,18.0,22.0,0.0,0.0,2.6,25.0,0.0,0.0,0.0,15.0,12.0,0.0,20.0,0.0,0.0,0.0,18.0,0.0,0.0,0.0,0.0,10.0,2.4,0.0,0.0,8.0,0.0,0.0,,Inverno,17,Normal,1990
469001,2,1990-05-01,1,37.0,230.8,4.0,14,6.4,15.2,0.0,37.0,1.2,30.6,0.0,12.0,0.0,13.4,0.0,12.0,0.0,0.0,25.0,0.0,0.0,10.0,11.2,0.0,0.0,0.0,0.0,0.0,0.0,22.0,0.0,28.0,0.0,6.8,0.0,Outono,17,Normal,1990
469001,1,1990-05-01,1,100.0,320.8,18.0,14,6.4,15.2,0.0,37.0,1.2,30.6,0.0,12.0,0.0,13.4,0.0,12.0,0.0,0.0,25.0,0.0,0.0,100.0,11.2,0.0,0.0,0.0,0.0,0.0,0.0,22.0,0.0,28.0,0.0,6.8,0.0,Outono,17,Muito Chuvoso,1990
469001,2,1990-04-01,1,114.8,271.20000000000005,18.0,11,0.0,0.0,0.0,0.0,15.4,12.0,0.0,0.0,23.2,0.0,20.6,15.4,0.0,0.0,28.8,0.0,0.0,114.8,0.0,0.0,0.0,8.6,0.0,11.0,0.0,0.0,0.0,4.4,0.0,17.0,,Outono,19,Muito Chuvoso,1990
469001,1,1990-04-01,1,114.8,271.20000000000005,18.0,11,0.0,0.0,0.0,0.0,15.4,12.0,0.0,0.0,23.2,0.0,20.6,15.4,0.0,0.0,28.8,0.0,0.0,114.8,0.0,0.0,0.0,8.6,0.0,11.0,0.0,0.0,0.0,4.4,0.0,17.0,,Outono,19,Muito Chuvoso,1990
469001,2,1990-03-01,1,83.2,268.59999999999997,21.0,10,0.0,0.0,0.0,82.0,0.0,0.0,12.2,14.0,0.0,0.0,12.8,0.0,0.0,21.0,0.0,0.0,30.8,0.0,0.0,0.0,83.2,0.0,0.0,1.2,0.0,0.0,0.0,0.0,8.0,0.0,3.4,Outono,21,Muito Chuvoso,1990
469001,1,1990-03-01,1,83.2,268.59999999999997,21.0,10,0.0,0.0,0.0,82.0,0.0,0.0,12.2,14.0,0.0,0.0,12.8,0.0,0.0,21.0,0.0,0.0,30.8,0.0,0.0,0.0,83.2,0.0,0.0,1.2,0.0,0.0,0.0,0.0,8.0,0.0,3.4,Outono,21,Muito Chuvoso,1990
469001,2,1990-02-01,1,79.2,273.4,12.0,12,13.2,20.8,0.0,0.0,20.2,0.0,32.8,0.0,8.4,14.6,0.0,79.2,0.0,26.4,0.0,0.0,39.8,0.0,2.2,0.0,0.0,3.0,0.0,12.8,0.0,0.0,0.0,0.0,,,,Verão,16,Muito Chuvoso,1990
469001,1,1990-02-01,1,79.2,273.4,12.0,12,13.2,20.8,0.0,0.0,20.2,0.0,32.8,0.0,8.4,14.6,0.0,79.2,0.0,26.4,0.0,0.0,39.8,0.0,2.2,0.0,0.0,3.0,0.0,12.8,0.0,0.0,0.0,0.0,,,,Verão,16,Muito Chuvoso,1990
469001,2,1990-01-01,1,55.2,294.0,20.0,10,0.0,0.0,0.0,0.0,0.0,0.0,0.0,2.4,45.0,0.0,0.0,24.6,0.0,0.0,16.0,0.0,0.0,0.0,16.4,55.2,0.0,0.0,0.0,23.2,0.0,40.6,45.6,0.0,0.0,25.0,0.0,Verão,21,Muito Chuvoso,1990
469001,1,1990-01-01,1,55.2,294.0,20.0,10,0.0,0.0,0.0,0.0,0.0,0.0,0.0,2.4,45.0,0.0,0.0,24.6,0.0,0.0,16.0,0.0,0.0,0.0,16.4,55.2,0.0,0.0,0.0,23.2,0.0,40.6,45.6,0.0,0.0,25.0,0.0,Verão,21,Muito Chuvoso,1990
469001,2,1989-12-01,1,39.0,228.00000000000003,1.0,12,39.0,0.0,0.0,0.0,0.0,0.0,0.0,0.0,0.0,0.0,36.4,0.0,22.8,0.0,13.2,0.0,0.0,20.8,4.0,10.8,6.2,0.0,0.0,15.6,33.0,11.8,0.0,0.0,0.0,0.0,14.4,Verão,19,Normal,1989
469001,1,1989-12-01,1,39.0,228.00000000000003,1.0,12,39.0,0.0,0.0,0.0,0.0,0.0,0.0,0.0,0.0,0.0,36.4,0.0,22.8,0.0,13.2,0.0,0.0,20.8,4.0,10.8,6.2,0.0,0.0,15.6,33.0,11.8,0.0,0.0,0.0,0.0,14.4,Verão,19,Normal,1989
469001,2,1989-11-01,1,100.0,277.2,3.0,6,0.0,0.0,100.0,0.0,0.0,0.0,0.0,0.0,46.8,0.0,0.0,0.0,0.0,23.8,0.0,0.0,0.0,0.0,45.2,0.0,0.0,0.0,55.6,0.0,0.0,5.8,0.0,0.0,0.0,0.0,,Primavera,24,Muito Chuvoso,1989
469001,1,1989-11-01,1,100.0,277.2,3.0,6,0.0,0.0,100.0,0.0,0.0,0.0,0.0,0.0,46.8,0.0,0.0,0.0,0.0,23.8,0.0,0.0,0.0,0.0,45.2,0.0,0.0,0.0,55.6,0.0,0.0,5.8,0.0,0.0,0.0,0.0,,Primavera,24,Muito Chuvoso,1989
469001,2,1989-10-01,1,65.4,369.0,13.0,13,7.4,0.0,0.0,1.0,33.0,11.0,0.0,0.0,0.0,52.4,0.0,0.0,65.4,1.2,23.2,0.0,32.2,0.0,0.0,32.8,0.0,0.0,0.0,0.0,0.0,35.4,44.0,0.0,30.0,0.0,0.0,Primavera,18,Muito Chuvoso,1989
469001,1,1989-10-01,1,65.4,369.0,13.0,13,7.4,0.0,0.0,1.0,33.0,11.0,0.0,0.0,0.0,52.4,0.0,0.0,65.4,1.2,23.2,0.0,32.2,0.0,0.0,32.8,0.0,0.0,0.0,0.0,0.0,35.4,44.0,0.0,30.0,0.0,0.0,Primavera,18,Muito Chuvoso,1989
469001,2,1989-09-01,1,34.2,72.60000000000001,15.0,3,0.0,30.2,0.0,0.0,0.0,0.0,0.0,0.0,0.0,0.0,0.0,0.0,0.0,0.0,34.2,0.0,0.0,0.0,0.0,0.0,0.0,0.0,0.0,0.0,8.2,0.0,0.0,0.0,0.0,0.0,,Primavera,27,Muito Seco,1989
469001,1,1989-09-01,1,34.2,72.60000000000001,15.0,3,0.0,30.2,0.0,0.0,0.0,0.0,0.0,0.0,0.0,0.0,0.0,0.0,0.0,0.0,34.2,0.0,0.0,0.0,0.0,0.0,0.0,0.0,0.0,0.0,8.2,0.0,0.0,0.0,0.0,0.0,,Primavera,27,Muito Seco,1989
469001,2,1989-08-01,1,58.0,217.39999999999998,11.0,9,4.4,0.0,0.0,0.0,0.0,0.0,0.0,25.0,0.0,32.0,58.0,0.0,0.0,0.0,0.0,24.4,31.2,0.0,0.0,0.0,2.4,0.0,7.8,0.0,0.0,0.0,0.0,0.0,0.0,0.0,32.2,Inverno,22,Normal,1989
469001,1,1989-08-01,1,58.0,217.39999999999998,11.0,9,4.4,0.0,0.0,0.0,0.0,0.0,0.0,25.0,0.0,32.0,58.0,0.0,0.0,0.0,0.0,24.4,31.2,0.0,0.0,0.0,2.4,0.0,7.8,0.0,0.0,0.0,0.0,0.0,0.0,0.0,32.2,Inverno,22,Normal,1989
469001,2,1989-07-01,1,36.6,75.6,23.0,6,0.0,0.0,0.0,0.0,0.0,0.0,0.0,0.0,0.0,0.0,0.0,0.0,0.0,0.0,0.0,0.0,0.0,0.0,0.0,6.4,0.0,0.0,36.6,0.0,14.4,0.0,9.4,0.0,2.0,6.8,0.0,Inverno,25,Muito Seco,1989
469001,1,1989-07-01,1,36.6,75.6,23.0,6,0.0,0.0,0.0,0.0,0.0,0.0,0.0,0.0,0.0,0.0,0.0,0.0,0.0,0.0,0.0,0.0,0.0,0.0,0.0,6.4,0.0,0.0,36.6,0.0,14.4,0.0,9.4,0.0,2.0,6.8,0.0,Inverno,25,Muito Seco,1989
469001,2,1989-06-01,1,43.0,261.40000000000003,17.0,23,4.0,0.0,2.4,36.8,0.0,14.2,0.0,1.4,8.0,0.0,0.4,8.2,8.4,0.0,8.6,21.4,43.0,0.2,2.8,0.2,0.0,5.8,33.2,17.2,0.0,13.8,9.2,9.0,10.2,3.0,,Inverno,7,Normal,1989
469001,1,1989-06-01,1,43.0,261.40000000000003,17.0,23,4.0,0.0,2.4,36.8,0.0,14.2,0.0,1.4,8.0,0.0,0.4,8.2,8.4,0.0,8.6,21.4,43.0,0.2,2.8,0.2,0.0,5.8,33.2,17.2,0.0,13.8,9.2,9.0,10.2,3.0,,Inverno,7,Normal,1989
469001,2,1989-05-01,1,51.2,224.59999999999997,1.0,17,51.2,5.4,0.0,0.0,0.0,0.0,24.0,0.0,0.0,0.0,0.0,0.0,1.2,0.2,2.2,16.4,25.8,12.2,4.6,4.0,20.4,0.0,0.0,30.0,18.4,4.4,1.0,3.2,0.0,0.0,0.0,Outono,14,Normal,1989
469001,1,1989-05-01,1,51.2,224.59999999999997,1.0,17,51.2,5.4,0.0,0.0,0.0,0.0,24.0,0.0,0.0,0.0,0.0,0.0,1.2,0.2,2.2,16.4,25.8,12.2,4.6,4.0,20.4,0.0,0.0,30.0,18.4,4.4,1.0,3.2,0.0,0.0,0.0,Outono,14,Normal,1989
469001,2,1989-04-01,1,68.7,293.0,13.0,23,0.0,23.4,0.0,5.2,4.6,1.6,0.4,0.4,0.2,0.0,0.6,44.3,68.7,0.0,0.0,0.1,2.4,2.2,29.3,3.7,4.4,9.6,11.0,32.6,13.4,0.0,9.3,0.2,0.0,25.4,,Outono,7,Muito Chuvoso,1989
469001,1,1989-04-01,1,68.7,293.0,13.0,23,0.0,23.4,0.0,5.2,4.6,1.6,0.4,0.4,0.2,0.0,0.6,44.3,68.7,0.0,0.0,0.1,2.4,2.2,29.3,3.7,4.4,9.6,11.0,32.6,13.4,0.0,9.3,0.2,0.0,25.4,,Outono,7,Muito Chuvoso,1989
469001,2,1989-03-01,1,80.0,381.2,17.0,22,7.2,11.4,0.6,7.5,29.4,31.2,8.4,0.0,5.4,0.2,0.0,2.0,35.8,0.0,6.8,1.2,80.0,0.0,0.0,0.2,19.7,0.7,19.8,59.5,20.9,0.0,0.0,0.0,32.5,0.8,0.0,Outono,9,Muito Chuvoso,1989
469001,1,1989-03-01,1,119.7,481.2,21.0,22,7.2,11.4,0.6,7.5,29.4,31.2,8.4,0.0,5.4,0.2,0.0,2.0,35.8,0.0,6.8,1.2,80.0,0.0,0.0,0.2,119.7,0.7,19.8,59.5,20.9,0.0,0.0,0.0,32.5,0.8,0.0,Outono,9,Muito Chuvoso,1989
469001,2,1989-02-01,1,46.2,124.9,19.0,18,4.8,6.8,6.8,0.0,2.2,7.2,6.2,2.6,0.0,6.8,0.0,0.0,1.0,0.0,5.0,0.2,0.0,0.0,46.2,0.0,0.0,9.6,6.2,3.5,5.8,0.8,3.2,0.0,,,,Verão,10,Muito Seco,1989
469001,1,1989-02-01,1,46.2,124.9,19.0,18,4.8,6.8,6.8,0.0,2.2,7.2,6.2,2.6,0.0,6.8,0.0,0.0,1.0,0.0,5.0,0.2,0.0,0.0,46.2,0.0,0.0,9.6,6.2,3.5,5.8,0.8,3.2,0.0,,,,Verão,10,Muito Seco,1989
469001,2,1989-01-01,1,8.2,91.8,29.0,16,4.2,0.0,7.4,0.0,0.0,6.6,0.0,4.4,0.0,6.4,0.0,0.0,0.0,4.6,0.0,6.0,7.0,0.0,7.0,0.0,6.8,0.0,7.0,0.0,2.6,0.0,4.0,6.6,8.2,3.0,0.0,Verão,15,Muito Seco,1989
469001,1,1989-01-01,1,8.2,91.8,29.0,16,4.2,0.0,7.4,0.0,0.0,6.6,0.0,4.4,0.0,6.4,0.0,0.0,0.0,4.6,0.0,6.0,7.0,0.0,7.0,0.0,6.8,0.0,7.0,0.0,2.6,0.0,4.0,6.6,8.2,3.0,0.0,Verão,15,Muito Seco,1989
469001,2,1988-12-01,1,7.0,56.0,25.0,10,0.0,6.6,6.4,0.0,6.2,0.0,6.8,0.0,5.2,0.0,0.0,0.0,4.6,0.0,0.0,0.0,0.0,0.0,4.2,0.0,0.0,0.0,0.0,0.0,7.0,0.0,6.4,0.0,0.0,0.0,2.6,Verão,21,Muito Seco,1988
469001,1,1988-12-01,1,7.0,56.0,25.0,10,0.0,6.6,6.4,0.0,6.2,0.0,6.8,0.0,5.2,0.0,0.0,0.0,4.6,0.0,0.0,0.0,0.0,0.0,4.2,0.0,0.0,0.0,0.0,0.0,7.0,0.0,6.4,0.0,0.0,0.0,2.6,Verão,21,Muito Seco,1988
469001,2,1988-11-01,1,7.2,53.0,8.0,9,0.0,0.0,0.0,3.2,0.0,0.0,0.0,7.2,0.0,6.8,0.0,0.0,0.0,6.4,0.0,7.0,0.0,3.2,0.0,6.8,0.0,0.0,6.0,0.0,0.0,0.0,0.0,6.4,0.0,0.0,,Primavera,21,Muito Seco,1988
469001,1,1988-11-01,1,7.2,53.0,8.0,9,0.0,0.0,0.0,3.2,0.0,0.0,0.0,7.2,0.0,6.8,0.0,0.0,0.0,6.4,0.0,7.0,0.0,3.2,0.0,6.8,0.0,0.0,6.0,0.0,0.0,0.0,0.0,6.4,0.0,0.0,,Primavera,21,Muito Seco,1988
469001,2,1988-10-01,1,7.4,56.8,3.0,9,0.0,0.0,7.4,7.0,6.8,6.2,3.0,0.0,0.0,0.0,0.0,0.0,0.0,6.8,0.0,0.0,0.0,6.4,0.0,0.0,6.2,0.0,0.0,0.0,0.0,0.0,7.0,0.0,0.0,0.0,0.0,Primavera,22,Muito Seco,1988
469001,1,1988-10-01,1,7.4,56.8,3.0,9,0.0,0.0,7.4,7.0,6.8,6.2,3.0,0.0,0.0,0.0,0.0,0.0,0.0,6.8,0.0,0.0,0.0,6.4,0.0,0.0,6.2,0.0,0.0,0.0,0.0,0.0,7.0,0.0,0.0,0.0,0.0,Primavera,22,Muito Seco,1988
469001,2,1988-09-01,1,7.2,53.2,11.0,9,0.0,6.4,6.0,0.0,0.0,0.0,6.2,0.0,0.0,0.0,7.2,0.0,0.0,0.0,2.4,6.8,0.0,0.0,0.0,5.0,7.0,0.0,6.2,0.0,0.0,0.0,0.0,0.0,0.0,0.0,,Primavera,21,Muito Seco,1988
469001,1,1988-09-01,1,7.2,53.2,11.0,9,0.0,6.4,6.0,0.0,0.0,0.0,6.2,0.0,0.0,0.0,7.2,0.0,0.0,0.0,2.4,6.8,0.0,0.0,0.0,5.0,7.0,0.0,6.2,0.0,0.0,0.0,0.0,0.0,0.0,0.0,,Primavera,21,Muito Seco,1988
469001,2,1988-08-01,1,6.2,12.600000000000001,30.0,3,0.0,0.0,0.0,0.0,0.0,0.0,0.0,0.0,0.0,4.4,0.0,0.0,0.0,0.0,0.0,0.0,0.0,2.0,0.0,0.0,0.0,0.0,0.0,0.0,0.0,0.0,0.0,0.0,0.0,6.2,0.0,Inverno,28,Muito Seco,1988
469001,1,1988-08-01,1,6.2,12.600000000000001,30.0,3,0.0,0.0,0.0,0.0,0.0,0.0,0.0,0.0,0.0,4.4,0.0,0.0,0.0,0.0,0.0,0.0,0.0,2.0,0.0,0.0,0.0,0.0,0.0,0.0,0.0,0.0,0.0,0.0,0.0,6.2,0.0,Inverno,28,Muito Seco,1988
469001,2,1988-07-01,1,7.0,46.4,6.0,7,6.6,0.0,0.0,6.2,0.0,7.0,0.0,0.0,6.8,0.0,0.0,0.0,0.0,0.0,0.0,0.0,0.0,0.0,0.0,0.0,6.6,0.0,6.8,0.0,0.0,0.0,0.0,0.0,0.0,6.4,0.0,Inverno,24,Muito Seco,1988
469001,1,1988-07-01,1,7.0,46.4,6.0,7,6.6,0.0,0.0,6.2,0.0,7.0,0.0,0.0,6.8,0.0,0.0,0.0,0.0,0.0,0.0,0.0,0.0,0.0,0.0,0.0,6.6,0.0,6.8,0.0,0.0,0.0,0.0,0.0,0.0,6.4,0.0,Inverno,24,Muito Seco,1988
469001,2,1988-06-01,1,7.4,32.4,23.0,6,0.0,0.0,0.0,0.0,0.0,0.0,0.0,0.0,0.0,0.0,0.0,6.0,0.0,0.4,0.0,0.0,4.6,0.0,0.0,7.2,0.0,0.0,7.4,0.0,0.0,6.8,0.0,0.0,0.0,0.0,,Inverno,24,Muito Seco,1988
469001,1,1988-06-01,1,7.4,32.4,23.0,6,0.0,0.0,0.0,0.0,0.0,0.0,0.0,0.0,0.0,0.0,0.0,6.0,0.0,0.4,0.0,0.0,4.6,0.0,0.0,7.2,0.0,0.0,7.4,0.0,0.0,6.8,0.0,0.0,0.0,0.0,,Inverno,24,Muito Seco,1988
469001,2,1988-05-01,1,7.4,109.4,5.0,19,0.0,7.2,4.6,0.0,7.4,7.2,7.0,0.0,0.8,0.0,1.2,3.2,0.0,7.2,0.0,0.0,6.8,0.0,5.8,1.0,0.0,7.0,0.0,7.2,7.2,7.4,7.0,6.8,0.0,7.4,0.0,Outono,12,Muito Seco,1988
469001,1,1988-05-01,1,7.4,109.4,5.0,19,0.0,7.2,4.6,0.0,7.4,7.2,7.0,0.0,0.8,0.0,1.2,3.2,0.0,7.2,0.0,0.0,6.8,0.0,5.8,1.0,0.0,7.0,0.0,7.2,7.2,7.4,7.0,6.8,0.0,7.4,0.0,Outono,12,Muito Seco,1988
469001,2,1988-04-01,1,7.8,66.39999999999999,2.0,10,0.0,7.8,0.0,0.0,6.8,0.0,0.0,0.0,7.0,0.0,7.2,0.0,0.0,7.4,0.0,0.0,0.0,7.2,0.0,0.0,0.0,0.0,0.0,0.0,7.0,0.0,0.0,7.2,7.2,1.6,,Outono,20,Muito Seco,1988
469001,1,1988-04-01,1,7.8,66.39999999999999,2.0,10,0.0,7.8,0.0,0.0,6.8,0.0,0.0,0.0,7.0,0.0,7.2,0.0,0.0,7.4,0.0,0.0,0.0,7.2,0.0,0.0,0.0,0.0,0.0,0.0,7.0,0.0,0.0,7.2,7.2,1.6,,Outono,20,Muito Seco,1988
469001,2,1988-03-01,1,32.0,119.60000000000001,14.0,9,0.0,0.0,26.4,0.0,0.0,0.0,0.0,0.0,0.0,0.0,0.0,7.8,5.0,32.0,9.0,0.0,0.0,0.0,0.0,0.0,0.0,0.0,0.0,3.2,0.0,20.8,0.0,8.4,7.0,0.0,0.0,Outono,22,Muito Seco,1988
469001,1,1988-03-01,1,32.0,119.60000000000001,14.0,9,0.0,0.0,26.4,0.0,0.0,0.0,0.0,0.0,0.0,0.0,0.0,7.8,5.0,32.0,9.0,0.0,0.0,0.0,0.0,0.0,0.0,0.0,0.0,3.2,0.0,20.8,0.0,8.4,7.0,0.0,0.0,Outono,22,Muito Seco,1988
469001,2,1988-02-01,1,26.8,135.6,1.0,19,26.8,7.0,0.0,0.0,0.0,7.0,6.8,0.0,7.0,7.4,0.0,6.8,0.0,6.6,5.4,0.0,6.8,4.0,1.8,6.6,0.0,3.2,7.2,6.8,3.6,0.0,2.0,12.8,0.0,,,Verão,10,Normal,1988
469001,1,1988-02-01,1,26.8,135.6,1.0,19,26.8,7.0,0.0,0.0,0.0,7.0,6.8,0.0,7.0,7.4,0.0,6.8,0.0,6.6,5.4,0.0,6.8,4.0,1.8,6.6,0.0,3.2,7.2,6.8,3.6,0.0,2.0,12.8,0.0,,,Verão,10,Normal,1988
469001,2,1988-01-01,1,67.0,335.59999999999997,27.0,19,12.8,6.0,0.0,0.0,5.0,18.8,1.2,0.0,0.0,41.2,2.4,25.4,0.0,18.6,34.8,5.8,0.0,0.0,0.0,0.0,32.0,0.0,0.0,15.0,30.0,0.0,67.0,5.0,1.2,6.4,7.0,Verão,12,Muito Chuvoso,1988
469001,1,1988-01-01,1,67.0,335.59999999999997,27.0,19,12.8,6.0,0.0,0.0,5.0,18.8,1.2,0.0,0.0,41.2,2.4,25.4,0.0,18.6,34.8,5.8,0.0,0.0,0.0,0.0,32.0,0.0,0.0,15.0,30.0,0.0,67.0,5.0,1.2,6.4,7.0,Verão,12,Muito Chuvoso,1988
469001,2,1987-12-01,1,53.0,225.6,30.0,19,8.6,0.0,9.2,2.2,0.0,1.8,5.0,0.0,5.0,7.0,2.8,0.0,0.0,5.6,6.8,0.0,7.6,7.0,5.2,0.0,12.4,0.0,30.4,0.0,41.0,0.0,7.0,8.0,0.0,53.0,0.0,Verão,12,Normal,1987
469001,1,1987-12-01,1,53.0,225.6,30.0,19,8.6,0.0,9.2,2.2,0.0,1.8,5.0,0.0,5.0,7.0,2.8,0.0,0.0,5.6,6.8,0.0,7.6,7.0,5.2,0.0,12.4,0.0,30.4,0.0,41.0,0.0,7.0,8.0,0.0,53.0,0.0,Verão,12,Normal,1987
469001,2,1987-11-01,1,53.0,185.6,20.0,13,0.0,7.8,0.0,0.0,8.2,6.8,0.0,0.0,0.0,0.0,11.2,0.0,0.0,7.8,0.0,0.0,17.6,0.0,2.0,53.0,0.0,31.8,0.0,3.0,1.4,9.8,25.2,0.0,0.0,0.0,,Primavera,17,Normal,1987
469001,1,1987-11-01,1,53.0,185.6,20.0,13,0.0,7.8,0.0,0.0,8.2,6.8,0.0,0.0,0.0,0.0,11.2,0.0,0.0,7.8,0.0,0.0,17.6,0.0,2.0,53.0,0.0,31.8,0.0,3.0,1.4,9.8,25.2,0.0,0.0,0.0,,Primavera,17,Normal,1987
469001,2,1987-10-01,1,10.4,61.9,29.0,11,0.0,0.0,0.0,0.0,0.0,0.0,6.6,0.6,0.0,0.0,0.0,0.0,0.0,0.0,6.6,4.0,0.0,0.0,7.4,0.7,0.0,0.0,7.2,4.6,0.0,0.0,0.0,6.6,10.4,0.0,7.2,Primavera,20,Muito Seco,1987
469001,1,1987-10-01,1,10.4,61.9,29.0,11,0.0,0.0,0.0,0.0,0.0,0.0,6.6,0.6,0.0,0.0,0.0,0.0,0.0,0.0,6.6,4.0,0.0,0.0,7.4,0.7,0.0,0.0,7.2,4.6,0.0,0.0,0.0,6.6,10.4,0.0,7.2,Primavera,20,Muito Seco,1987
469001,2,1987-09-01,1,38.8,88.2,12.0,7,0.0,0.0,0.0,0.0,0.0,0.0,0.0,0.0,0.0,0.0,20.6,38.8,0.0,0.0,0.0,0.0,0.0,0.0,0.0,0.0,0.0,6.4,0.0,7.2,7.0,3.8,0.0,0.0,0.0,4.4,,Primavera,23,Muito Seco,1987
469001,1,1987-09-01,1,38.8,88.2,12.0,7,0.0,0.0,0.0,0.0,0.0,0.0,0.0,0.0,0.0,0.0,20.6,38.8,0.0,0.0,0.0,0.0,0.0,0.0,0.0,0.0,0.0,6.4,0.0,7.2,7.0,3.8,0.0,0.0,0.0,4.4,,Primavera,23,Muito Seco,1987
469001,2,1987-08-01,1,10.0,28.4,8.0,4,0.0,0.0,0.0,0.0,0.0,0.0,0.0,10.0,0.0,0.0,0.0,0.0,0.0,0.0,7.2,0.0,4.2,7.0,0.0,0.0,0.0,0.0,0.0,0.0,0.0,0.0,0.0,0.0,0.0,0.0,0.0,Inverno,27,Muito Seco,1987
469001,1,1987-08-01,1,10.0,28.4,8.0,4,0.0,0.0,0.0,0.0,0.0,0.0,0.0,10.0,0.0,0.0,0.0,0.0,0.0,0.0,7.2,0.0,4.2,7.0,0.0,0.0,0.0,0.0,0.0,0.0,0.0,0.0,0.0,0.0,0.0,0.0,0.0,Inverno,27,Muito Seco,1987
469001,2,1987-07-01,1,62.6,223.6,21.0,12,7.6,1.6,0.0,0.0,0.0,0.0,52.0,0.0,11.2,0.0,43.2,0.0,0.0,0.0,0.0,0.0,7.4,13.2,0.0,4.4,62.6,0.4,0.0,0.0,17.2,0.0,2.8,0.0,0.0,0.0,0.0,Inverno,19,Normal,1987
469001,1,1987-07-01,1,62.6,223.6,21.0,12,7.6,1.6,0.0,0.0,0.0,0.0,52.0,0.0,11.2,0.0,43.2,0.0,0.0,0.0,0.0,0.0,7.4,13.2,0.0,4.4,62.6,0.4,0.0,0.0,17.2,0.0,2.8,0.0,0.0,0.0,0.0,Inverno,19,Normal,1987
469001,2,1987-06-01,1,52.4,169.70000000000002,24.0,13,30.4,3.2,3.8,0.7,5.0,0.0,4.0,0.0,5.8,0.0,0.0,0.0,1.0,32.0,0.0,0.6,0.0,0.0,0.0,0.0,0.0,0.0,0.0,52.4,7.8,0.0,0.0,0.0,0.0,23.0,,Inverno,17,Normal,1987
469001,1,1987-06-01,1,52.4,169.70000000000002,24.0,13,30.4,3.2,3.8,0.7,5.0,0.0,4.0,0.0,5.8,0.0,0.0,0.0,1.0,32.0,0.0,0.6,0.0,0.0,0.0,0.0,0.0,0.0,0.0,52.4,7.8,0.0,0.0,0.0,0.0,23.0,,Inverno,17,Normal,1987
469001,2,1987-05-01,1,37.0,125.19999999999999,7.0,15,0.0,1.6,1.0,0.0,0.6,0.0,37.0,0.0,15.6,7.3,0.5,0.0,6.0,3.2,25.0,6.6,4.8,0.0,1.0,0.0,0.0,0.0,13.0,0.0,2.0,0.0,0.0,0.0,0.0,0.0,0.0,Outono,16,Muito Seco,1987
469001,1,1987-05-01,1,37.0,125.19999999999999,7.0,15,0.0,1.6,1.0,0.0,0.6,0.0,37.0,0.0,15.6,7.3,0.5,0.0,6.0,3.2,25.0,6.6,4.8,0.0,1.0,0.0,0.0,0.0,13.0,0.0,2.0,0.0,0.0,0.0,0.0,0.0,0.0,Outono,16,Muito Seco,1987
469001,2,1987-04-01,1,75.0,431.2,23.0,21,14.2,0.0,0.0,36.0,2.8,0.0,7.4,16.8,0.0,40.2,4.0,2.0,0.0,67.6,8.6,1.0,24.6,18.6,2.6,0.0,6.4,20.2,75.0,1.6,0.0,17.0,0.0,27.2,0.0,37.4,,Outono,9,Muito Chuvoso,1987
469001,1,1987-04-01,1,75.0,431.2,23.0,21,14.2,0.0,0.0,36.0,2.8,0.0,7.4,16.8,0.0,40.2,4.0,2.0,0.0,67.6,8.6,1.0,24.6,18.6,2.6,0.0,6.4,20.2,75.0,1.6,0.0,17.0,0.0,27.2,0.0,37.4,,Outono,9,Muito Chuvoso,1987
469001,2,1987-03-01,1,75.6,265.3,11.0,13,0.0,28.0,0.0,2.0,0.0,0.3,23.0,0.0,0.0,0.0,75.6,0.0,0.0,0.0,0.0,4.4,42.0,9.6,0.0,43.8,0.0,0.6,0.0,13.0,16.2,6.8,0.0,0.0,0.0,0.0,0.0,Outono,18,Normal,1987
469001,1,1987-03-01,1,75.6,265.3,11.0,13,0.0,28.0,0.0,2.0,0.0,0.3,23.0,0.0,0.0,0.0,75.6,0.0,0.0,0.0,0.0,4.4,42.0,9.6,0.0,43.8,0.0,0.6,0.0,13.0,16.2,6.8,0.0,0.0,0.0,0.0,0.0,Outono,18,Normal,1987
469001,2,1987-02-01,1,37.8,283.5,23.0,24,7.6,0.0,5.2,28.8,27.8,13.5,36.8,2.0,3.2,3.8,0.0,0.0,5.2,9.2,8.8,14.0,0.0,7.4,6.0,2.1,9.7,6.2,37.8,4.0,3.7,12.9,0.5,27.3,,,,Verão,4,Muito Chuvoso,1987
469001,1,1987-02-01,1,37.8,283.5,23.0,24,7.6,0.0,5.2,28.8,27.8,13.5,36.8,2.0,3.2,3.8,0.0,0.0,5.2,9.2,8.8,14.0,0.0,7.4,6.0,2.1,9.7,6.2,37.8,4.0,3.7,12.9,0.5,27.3,,,,Verão,4,Muito Chuvoso,1987
469001,2,1987-01-01,1,68.8,447.20000000000005,7.0,21,0.0,38.6,23.2,0.4,10.2,10.4,68.8,0.0,41.2,0.0,0.0,34.8,22.0,11.2,2.6,44.2,5.0,0.0,27.0,0.0,0.0,4.0,0.0,0.0,0.0,23.0,11.6,36.4,25.6,2.8,4.2,Verão,10,Muito Chuvoso,1987
469001,1,1987-01-01,1,68.8,447.20000000000005,7.0,21,0.0,38.6,23.2,0.4,10.2,10.4,68.8,0.0,41.2,0.0,0.0,34.8,22.0,11.2,2.6,44.2,5.0,0.0,27.0,0.0,0.0,4.0,0.0,0.0,0.0,23.0,11.6,36.4,25.6,2.8,4.2,Verão,10,Muito Chuvoso,1987
469001,2,1986-12-01,1,73.8,256.90000000000003,4.0,17,12.4,0.0,0.0,73.8,0.0,0.0,10.2,3.0,2.0,1.0,24.0,2.4,7.4,0.0,0.0,17.4,0.0,10.0,0.0,0.0,16.8,1.2,0.7,0.0,0.0,0.0,6.2,0.0,63.8,0.0,4.6,Verão,14,Normal,1986
469001,1,1986-12-01,1,73.8,256.90000000000003,4.0,17,12.4,0.0,0.0,73.8,0.0,0.0,10.2,3.0,2.0,1.0,24.0,2.4,7.4,0.0,0.0,17.4,0.0,10.0,0.0,0.0,16.8,1.2,0.7,0.0,0.0,0.0,6.2,0.0,63.8,0.0,4.6,Verão,14,Normal,1986
469001,2,1986-11-01,1,59.6,346.2,17.0,14,0.0,0.0,12.0,48.2,0.0,8.8,0.0,23.8,0.0,0.0,0.0,20.0,24.4,42.2,10.2,0.0,59.6,0.0,14.8,0.0,20.2,0.0,0.0,42.6,0.0,10.6,0.0,8.8,0.0,0.0,,Primavera,16,Muito Chuvoso,1986
469001,1,1986-11-01,1,120.0,454.20000000000005,3.0,14,0.0,0.0,120.0,48.2,0.0,8.8,0.0,23.8,0.0,0.0,0.0,20.0,24.4,42.2,10.2,0.0,59.6,0.0,14.8,0.0,20.2,0.0,0.0,42.6,0.0,10.6,0.0,8.8,0.0,0.0,,Primavera,16,Muito Chuvoso,1986
469001,2,1986-10-01,1,35.2,159.5,20.0,15,0.0,0.0,10.8,9.0,10.4,17.0,0.0,0.0,13.6,0.0,0.7,7.0,7.8,1.0,0.0,0.0,0.2,0.0,2.0,35.2,0.0,0.0,0.0,17.8,0.0,0.0,21.4,5.6,0.0,0.0,0.0,Primavera,16,Normal,1986
469001,1,1986-10-01,1,35.2,159.5,20.0,15,0.0,0.0,10.8,9.0,10.4,17.0,0.0,0.0,13.6,0.0,0.7,7.0,7.8,1.0,0.0,0.0,0.2,0.0,2.0,35.2,0.0,0.0,0.0,17.8,0.0,0.0,21.4,5.6,0.0,0.0,0.0,Primavera,16,Normal,1986
469001,2,1986-09-01,1,25.0,172.2,26.0,16,0.0,0.0,0.0,0.0,11.0,18.4,0.0,0.0,0.0,5.6,22.2,0.0,8.8,10.8,6.8,9.6,3.8,0.0,12.2,1.0,8.8,0.0,16.0,0.0,0.0,25.0,8.2,0.0,0.0,4.0,,Primavera,14,Normal,1986
469001,1,1986-09-01,1,25.0,172.2,26.0,16,0.0,0.0,0.0,0.0,11.0,18.4,0.0,0.0,0.0,5.6,22.2,0.0,8.8,10.8,6.8,9.6,3.8,0.0,12.2,1.0,8.8,0.0,16.0,0.0,0.0,25.0,8.2,0.0,0.0,4.0,,Primavera,14,Normal,1986
469001,2,1986-08-01,1,67.4,189.4,18.0,11,0.0,16.6,0.0,0.0,0.0,0.0,4.6,0.0,0.2,0.0,0.0,0.0,23.4,0.0,0.0,0.0,0.0,67.4,2.6,0.0,0.0,0.0,10.8,0.0,4.2,0.0,27.4,14.8,17.4,0.0,0.0,Inverno,20,Normal,1986
469001,1,1986-08-01,1,67.4,229.40000000000003,18.0,11,0.0,16.6,0.0,0.0,0.0,0.0,44.6,0.0,0.2,0.0,0.0,0.0,23.4,0.0,0.0,0.0,0.0,67.4,2.6,0.0,0.0,0.0,10.8,0.0,4.2,0.0,27.4,14.8,17.4,0.0,0.0,Inverno,20,Normal,1986
469001,2,1986-07-01,1,56.2,140.2,29.0,11,0.0,19.4,0.0,0.0,0.0,0.0,2.4,0.0,0.0,0.0,19.4,0.0,3.0,4.4,0.0,7.0,23.4,0.8,0.0,0.0,0.0,2.5,0.0,0.0,0.0,0.0,0.0,1.7,56.2,0.0,0.0,Inverno,20,Normal,1986
469001,1,1986-07-01,1,56.2,241.0,29.0,11,0.0,19.4,0.0,0.0,0.0,0.0,2.4,0.0,0.0,0.0,19.4,0.0,30.0,40.4,0.0,7.0,23.4,0.8,0.0,0.0,0.0,25.0,0.0,0.0,0.0,0.0,0.0,17.0,56.2,0.0,0.0,Inverno,20,Normal,1986
469001,2,1986-06-01,1,59.8,188.2,8.0,9,2.2,0.0,0.0,0.0,0.0,0.0,32.2,59.8,0.0,0.0,0.0,0.0,2.2,2.6,0.0,39.8,0.0,0.0,0.0,0.0,0.0,0.0,11.8,0.0,14.4,0.0,0.0,0.0,0.0,23.2,,Inverno,21,Normal,1986
469001,1,1986-06-01,1,59.8,188.2,8.0,9,2.2,0.0,0.0,0.0,0.0,0.0,32.2,59.8,0.0,0.0,0.0,0.0,2.2,2.6,0.0,39.8,0.0,0.0,0.0,0.0,0.0,0.0,11.8,0.0,14.4,0.0,0.0,0.0,0.0,23.2,,Inverno,21,Normal,1986
469001,2,1986-05-01,1,51.4,250.60000000000002,31.0,17,18.8,0.0,18.6,0.0,46.4,2.8,0.0,0.0,0.0,0.0,0.0,12.8,0.0,10.2,8.4,0.0,8.4,0.0,13.0,2.6,31.8,12.6,7.6,2.8,0.0,1.0,1.4,0.0,0.0,0.0,51.4,Outono,14,Normal,1986
469001,1,1986-05-01,1,51.4,250.60000000000002,31.0,17,18.8,0.0,18.6,0.0,46.4,2.8,0.0,0.0,0.0,0.0,0.0,12.8,0.0,10.2,8.4,0.0,8.4,0.0,13.0,2.6,31.8,12.6,7.6,2.8,0.0,1.0,1.4,0.0,0.0,0.0,51.4,Outono,14,Normal,1986
469001,2,1986-04-01,1,29.0,136.1,23.0,13,0.0,0.0,1.2,0.0,27.8,0.0,0.0,1.2,15.4,0.0,0.0,7.6,1.7,0.0,3.2,7.6,6.2,2.4,0.0,0.0,0.0,0.0,29.0,0.0,0.0,0.0,0.0,7.6,25.2,0.0,,Outono,17,Normal,1986
469001,1,1986-04-01,1,76.0,219.79999999999998,28.0,13,0.0,0.0,1.2,0.0,27.8,0.0,0.0,1.2,15.4,0.0,0.0,7.6,17.0,0.0,3.2,7.6,6.2,2.4,0.0,0.0,0.0,0.0,29.0,0.0,0.0,0.0,0.0,76.0,25.2,0.0,,Outono,17,Normal,1986
469001,2,1986-03-01,1,65.2,283.70000000000005,1.0,17,65.2,0.0,0.0,0.0,41.0,22.6,0.8,0.0,0.0,0.0,0.0,7.0,7.6,10.1,0.0,0.0,0.0,7.6,3.0,27.6,0.0,0.0,0.0,24.6,0.0,6.5,4.6,1.3,3.8,47.2,3.2,Outono,14,Muito Chuvoso,1986
469001,1,1986-03-01,1,76.0,444.8,13.0,17,65.2,0.0,0.0,0.0,41.0,22.6,0.8,0.0,0.0,0.0,0.0,7.0,76.0,10.1,0.0,0.0,0.0,7.6,3.0,27.6,0.0,0.0,0.0,24.6,0.0,65.0,4.6,1.3,38.0,47.2,3.2,Outono,14,Muito Chuvoso,1986
469001,2,1986-02-01,1,70.2,263.4,13.0,12,0.0,0.0,0.0,0.0,30.8,0.0,0.0,23.0,0.0,4.4,1.2,0.0,70.2,40.0,0.0,20.8,50.0,0.0,0.0,10.8,0.0,4.6,0.0,0.0,7.2,0.0,0.4,0.0,,,,Verão,16,Normal,1986
469001,1,1986-02-01,1,70.2,263.4,13.0,12,0.0,0.0,0.0,0.0,30.8,0.0,0.0,23.0,0.0,4.4,1.2,0.0,70.2,40.0,0.0,20.8,50.0,0.0,0.0,10.8,0.0,4.6,0.0,0.0,7.2,0.0,0.4,0.0,,,,Verão,16,Normal,1986
469001,2,1986-01-01,1,61.2,524.2,23.0,24,3.6,4.6,13.8,17.0,2.0,11.0,0.0,40.0,4.8,9.4,40.0,10.0,51.0,49.6,1.4,0.0,20.4,10.2,0.0,40.0,27.0,3.8,61.2,3.6,54.4,37.2,8.2,0.0,0.0,0.0,0.0,Verão,7,Muito Chuvoso,1986
469001,1,1986-01-01,1,61.2,524.2,23.0,24,3.6,4.6,13.8,17.0,2.0,11.0,0.0,40.0,4.8,9.4,40.0,10.0,51.0,49.6,1.4,0.0,20.4,10.2,0.0,40.0,27.0,3.8,61.2,3.6,54.4,37.2,8.2,0.0,0.0,0.0,0.0,Verão,7,Muito Chuvoso,1986
469001,2,1985-12-01,1,97.2,339.90000000000003,11.0,17,10.7,28.7,65.7,0.0,1.8,0.0,29.3,0.0,0.0,34.3,97.2,13.0,1.4,0.0,12.8,1.4,0.0,6.1,32.8,0.0,0.0,0.0,0.0,0.0,2.9,1.6,0.1,0.0,0.0,0.1,0.0,Verão,14,Muito Chuvoso,1985
469001,1,1985-12-01,1,97.2,339.90000000000003,11.0,17,10.7,28.7,65.7,0.0,1.8,0.0,29.3,0.0,0.0,34.3,97.2,13.0,1.4,0.0,12.8,1.4,0.0,6.1,32.8,0.0,0.0,0.0,0.0,0.0,2.9,1.6,0.1,0.0,0.0,0.1,0.0,Verão,14,Muito Chuvoso,1985
469001,2,1985-11-01,1,41.0,97.49999999999999,,19,0.0,0.0,0.0,0.0,16.8,0.0,0.9,0.0,17.1,1.9,0.0,0.5,5.0,11.0,0.3,2.0,0.0,0.1,0.1,0.2,41.0,0.0,0.1,0.1,0.1,0.1,0.1,0.1,0.0,0.0,,Primavera,11,Muito Seco,1985
469001,1,1985-11-01,1,111.0,197.5,14.0,19,0.0,0.0,0.0,0.0,16.8,0.0,0.9,0.0,17.1,1.9,0.0,0.5,5.0,111.0,0.3,2.0,0.0,0.1,0.1,0.2,41.0,0.0,0.1,0.1,0.1,0.1,0.1,0.1,0.0,0.0,,Primavera,11,Normal,1985
469001,2,1985-10-01,1,56.6,139.4,,8,0.0,0.0,0.0,0.0,0.0,0.0,0.0,0.0,0.0,0.0,0.0,0.0,0.0,0.0,8.8,25.1,7.3,0.0,0.0,0.0,13.0,0.0,0.0,56.6,0.0,0.0,13.6,10.2,4.8,0.0,0.0,Primavera,23,Normal,1985
469001,1,1985-10-01,1,56.6,139.4,24.0,8,0.0,0.0,0.0,0.0,0.0,0.0,0.0,0.0,0.0,0.0,0.0,0.0,0.0,0.0,8.8,25.1,7.3,0.0,0.0,0.0,13.0,0.0,0.0,56.6,0.0,0.0,13.6,10.2,4.8,0.0,0.0,Primavera,23,Normal,1985
469001,2,1985-09-01,1,54.8,115.8,27.0,9,0.0,1.0,0.0,0.0,3.4,2.4,0.0,0.0,0.0,0.0,0.0,0.0,0.0,8.2,3.0,0.0,2.4,0.0,34.2,0.0,0.0,0.0,0.0,0.0,0.0,6.4,54.8,0.0,0.0,0.0,,Primavera,21,Muito Seco,1985
469001,1,1985-09-01,1,64.0,203.39999999999998,26.0,9,0.0,1.0,0.0,0.0,3.4,2.4,0.0,0.0,0.0,0.0,0.0,0.0,0.0,8.2,33.0,0.0,2.4,0.0,34.2,0.0,0.0,0.0,0.0,0.0,0.0,64.0,54.8,0.0,0.0,0.0,,Primavera,21,Normal,1985
469001,2,1985-08-01,1,22.7,147.40000000000003,,30,4.3,4.3,4.3,4.3,4.3,4.3,4.3,4.3,4.3,4.3,4.3,4.3,4.3,4.3,0.0,22.7,8.2,0.4,4.3,4.3,4.3,4.3,4.3,4.3,4.3,4.3,4.3,4.3,4.3,4.3,4.3,Inverno,1,Normal,1985
469001,1,1985-08-01,1,22.7,41.69999999999999,16.0,29,0.4,0.4,0.4,0.4,0.4,0.4,0.4,0.4,0.4,0.4,0.4,0.4,0.4,0.4,0.0,22.7,8.2,0.4,0.4,0.4,0.4,0.4,0.4,0.4,0.4,0.4,0.4,0.4,0.4,0.4,0.0,Inverno,2,Muito Seco,1985
469001,2,1985-07-01,1,46.8,227.39999999999998,15.0,12,0.0,0.0,36.4,9.8,0.0,0.0,0.0,0.0,0.0,5.2,36.8,3.2,0.0,0.0,46.8,16.8,24.4,0.0,0.0,6.4,0.0,0.0,0.0,0.0,0.0,0.0,9.4,0.0,5.2,27.0,0.0,Inverno,19,Normal,1985
469001,1,1985-07-01,1,46.8,227.39999999999998,15.0,12,0.0,0.0,36.4,9.8,0.0,0.0,0.0,0.0,0.0,5.2,36.8,3.2,0.0,0.0,46.8,16.8,24.4,0.0,0.0,6.4,0.0,0.0,0.0,0.0,0.0,0.0,9.4,0.0,5.2,27.0,0.0,Inverno,19,Normal,1985
469001,2,1985-06-01,1,31.4,92.2,21.0,7,0.0,0.0,4.6,0.0,0.0,0.0,0.0,0.0,0.0,0.0,0.0,0.0,0.0,0.0,0.0,0.0,11.0,0.0,0.0,0.0,31.4,0.0,0.0,0.0,11.2,25.0,3.2,0.0,5.8,0.0,,Inverno,23,Muito Seco,1985
469001,1,1985-06-01,1,31.4,92.2,21.0,7,0.0,0.0,4.6,0.0,0.0,0.0,0.0,0.0,0.0,0.0,0.0,0.0,0.0,0.0,0.0,0.0,11.0,0.0,0.0,0.0,31.4,0.0,0.0,0.0,11.2,25.0,3.2,0.0,5.8,0.0,,Inverno,23,Muito Seco,1985
469001,2,1985-05-01,1,80.4,364.8,10.0,17,12.8,0.0,0.0,0.0,0.0,0.0,0.0,0.0,26.4,80.4,0.0,0.0,0.0,11.6,55.2,1.2,15.4,1.6,0.0,0.0,0.0,0.0,11.2,21.6,22.4,24.4,17.6,30.6,3.0,22.6,6.8,Outono,14,Muito Chuvoso,1985
469001,1,1985-05-01,1,80.4,364.8,10.0,17,12.8,0.0,0.0,0.0,0.0,0.0,0.0,0.0,26.4,80.4,0.0,0.0,0.0,11.6,55.2,1.2,15.4,1.6,0.0,0.0,0.0,0.0,11.2,21.6,22.4,24.4,17.6,30.6,3.0,22.6,6.8,Outono,14,Muito Chuvoso,1985
469001,2,1985-04-01,1,85.8,308.5,13.0,15,3.6,0.3,0.0,22.0,10.2,6.6,0.0,0.0,0.0,18.8,0.0,0.0,85.8,11.4,0.0,0.0,8.4,0.0,42.6,1.0,0.0,8.0,74.6,0.0,0.0,12.6,2.6,0.0,0.0,0.0,,Outono,15,Muito Chuvoso,1985
469001,1,1985-04-01,1,85.8,308.5,13.0,15,3.6,0.3,0.0,22.0,10.2,6.6,0.0,0.0,0.0,18.8,0.0,0.0,85.8,11.4,0.0,0.0,8.4,0.0,42.6,1.0,0.0,8.0,74.6,0.0,0.0,12.6,2.6,0.0,0.0,0.0,,Outono,15,Muito Chuvoso,1985
469001,2,1985-03-01,1,45.0,307.9,28.0,16,17.0,0.0,20.8,0.0,6.2,0.0,13.8,22.4,0.0,0.0,0.0,1.2,42.4,0.0,27.2,0.0,0.0,15.4,0.0,31.2,3.0,6.2,0.0,0.0,4.5,0.0,0.0,45.0,0.0,43.2,8.4,Outono,15,Muito Chuvoso,1985
469001,1,1985-03-01,1,45.0,307.9,28.0,16,17.0,0.0,20.8,0.0,6.2,0.0,13.8,22.4,0.0,0.0,0.0,1.2,42.4,0.0,27.2,0.0,0.0,15.4,0.0,31.2,3.0,6.2,0.0,0.0,4.5,0.0,0.0,45.0,0.0,43.2,8.4,Outono,15,Muito Chuvoso,1985
469001,2,1985-02-01,1,50.0,206.29999999999998,12.0,13,0.0,6.4,0.0,0.0,13.6,12.2,0.0,13.8,11.4,15.0,0.0,50.0,0.0,0.0,46.4,0.0,0.0,23.2,0.0,0.0,0.0,9.2,0.0,0.0,0.0,1.6,1.5,2.0,,,,Verão,15,Normal,1985
469001,1,1985-02-01,1,50.0,206.29999999999998,12.0,13,0.0,6.4,0.0,0.0,13.6,12.2,0.0,13.8,11.4,15.0,0.0,50.0,0.0,0.0,46.4,0.0,0.0,23.2,0.0,0.0,0.0,9.2,0.0,0.0,0.0,1.6,1.5,2.0,,,,Verão,15,Normal,1985
469001,2,1985-01-01,1,33.6,91.20000000000002,14.0,9,0.0,24.2,1.0,1.0,0.0,0.0,14.4,0.0,0.0,0.0,0.0,5.4,0.0,33.6,2.0,0.0,0.0,0.0,0.0,0.0,5.2,0.0,0.0,0.0,0.0,4.4,0.0,0.0,0.0,0.0,0.0,Verão,22,Muito Seco,1985
469001,1,1985-01-01,1,33.6,91.20000000000002,14.0,9,0.0,24.2,1.0,1.0,0.0,0.0,14.4,0.0,0.0,0.0,0.0,5.4,0.0,33.6,2.0,0.0,0.0,0.0,0.0,0.0,5.2,0.0,0.0,0.0,0.0,4.4,0.0,0.0,0.0,0.0,0.0,Verão,22,Muito Seco,1985
469001,2,1984-12-01,1,97.4,381.2,5.0,12,52.0,0.0,0.0,15.6,97.4,1.0,0.0,0.0,0.0,0.0,0.0,18.2,13.4,0.0,4.2,0.0,0.0,0.0,53.2,0.0,31.8,0.0,0.0,0.0,0.0,11.4,0.0,23.2,0.0,59.8,0.0,Verão,19,Muito Chuvoso,1984
469001,1,1984-12-01,1,97.4,381.2,5.0,12,52.0,0.0,0.0,15.6,97.4,1.0,0.0,0.0,0.0,0.0,0.0,18.2,13.4,0.0,4.2,0.0,0.0,0.0,53.2,0.0,31.8,0.0,0.0,0.0,0.0,11.4,0.0,23.2,0.0,59.8,0.0,Verão,19,Muito Chuvoso,1984
469001,2,1984-11-01,1,27.2,123.6,23.0,10,5.2,0.0,0.0,1.2,0.0,4.0,0.0,0.0,8.0,16.8,0.0,11.8,18.8,0.0,0.0,0.0,0.0,0.0,0.0,4.6,0.0,0.0,27.2,0.0,0.0,26.0,0.0,0.0,0.0,0.0,,Primavera,20,Muito Seco,1984
469001,1,1984-11-01,1,27.2,123.6,23.0,10,5.2,0.0,0.0,1.2,0.0,4.0,0.0,0.0,8.0,16.8,0.0,11.8,18.8,0.0,0.0,0.0,0.0,0.0,0.0,4.6,0.0,0.0,27.2,0.0,0.0,26.0,0.0,0.0,0.0,0.0,,Primavera,20,Muito Seco,1984
469001,2,1984-10-01,1,62.8,302.6,18.0,14,16.8,0.0,4.0,52.0,0.0,0.0,0.0,9.4,0.0,0.0,22.6,13.4,20.6,0.0,23.6,0.0,0.0,62.8,0.0,12.6,20.4,0.0,0.0,0.0,13.8,26.8,0.0,0.0,0.0,3.8,0.0,Primavera,17,Muito Chuvoso,1984
469001,1,1984-10-01,1,62.8,302.6,18.0,14,16.8,0.0,4.0,52.0,0.0,0.0,0.0,9.4,0.0,0.0,22.6,13.4,20.6,0.0,23.6,0.0,0.0,62.8,0.0,12.6,20.4,0.0,0.0,0.0,13.8,26.8,0.0,0.0,0.0,3.8,0.0,Primavera,17,Muito Chuvoso,1984
469001,2,1984-09-01,1,69.8,223.0,18.0,13,0.0,1.8,0.0,53.4,2.0,0.0,8.0,0.0,9.2,1.8,0.0,5.6,22.6,0.0,0.0,0.0,0.0,69.8,0.0,0.0,10.6,0.0,11.0,0.0,20.6,0.0,6.6,0.0,0.0,0.0,,Primavera,17,Normal,1984
469001,1,1984-09-01,1,69.8,223.0,18.0,13,0.0,1.8,0.0,53.4,2.0,0.0,8.0,0.0,9.2,1.8,0.0,5.6,22.6,0.0,0.0,0.0,0.0,69.8,0.0,0.0,10.6,0.0,11.0,0.0,20.6,0.0,6.6,0.0,0.0,0.0,,Primavera,17,Normal,1984
469001,2,1984-08-01,1,21.4,123.19999999999999,26.0,11,0.0,0.0,0.0,0.0,17.0,5.0,0.0,0.0,18.0,4.2,6.4,9.6,0.0,0.0,0.0,10.7,8.9,0.0,0.0,0.0,2.2,0.0,0.0,19.8,0.0,21.4,0.0,0.0,0.0,0.0,0.0,Inverno,20,Muito Seco,1984
469001,1,1984-08-01,1,21.4,123.19999999999999,26.0,11,0.0,0.0,0.0,0.0,17.0,5.0,0.0,0.0,18.0,4.2,6.4,9.6,0.0,0.0,0.0,10.7,8.9,0.0,0.0,0.0,2.2,0.0,0.0,19.8,0.0,21.4,0.0,0.0,0.0,0.0,0.0,Inverno,20,Muito Seco,1984
469001,2,1984-07-01,1,48.4,211.4,30.0,13,0.0,0.0,0.0,0.0,0.0,15.6,6.2,3.0,0.0,0.0,16.0,0.0,9.6,6.2,0.0,3.0,0.0,0.0,3.8,39.0,28.8,0.0,30.8,0.0,0.0,0.0,1.0,0.0,0.0,48.4,0.0,Inverno,18,Normal,1984
469001,1,1984-07-01,1,48.4,211.4,30.0,13,0.0,0.0,0.0,0.0,0.0,15.6,6.2,3.0,0.0,0.0,16.0,0.0,9.6,6.2,0.0,3.0,0.0,0.0,3.8,39.0,28.8,0.0,30.8,0.0,0.0,0.0,1.0,0.0,0.0,48.4,0.0,Inverno,18,Normal,1984
469001,2,1984-06-01,1,33.0,127.8,13.0,9,27.4,0.0,0.0,0.0,0.0,0.0,4.0,0.0,5.4,0.0,13.2,0.0,33.0,0.0,0.0,17.8,0.0,0.0,10.8,0.0,0.0,10.2,0.0,0.0,0.0,6.0,0.0,0.0,0.0,0.0,,Inverno,21,Muito Seco,1984
469001,1,1984-06-01,1,33.0,127.8,13.0,9,27.4,0.0,0.0,0.0,0.0,0.0,4.0,0.0,5.4,0.0,13.2,0.0,33.0,0.0,0.0,17.8,0.0,0.0,10.8,0.0,0.0,10.2,0.0,0.0,0.0,6.0,0.0,0.0,0.0,0.0,,Inverno,21,Muito Seco,1984
469001,2,1984-05-01,1,47.6,181.79999999999998,7.0,13,14.2,0.0,0.0,0.0,0.0,17.6,47.6,0.0,0.0,3.8,1.6,0.0,0.0,0.0,1.4,5.8,0.0,5.8,0.0,0.0,35.0,0.0,2.4,0.0,0.0,29.4,0.0,0.0,11.2,6.0,0.0,Outono,18,Normal,1984
469001,1,1984-05-01,1,47.6,181.79999999999998,7.0,13,14.2,0.0,0.0,0.0,0.0,17.6,47.6,0.0,0.0,3.8,1.6,0.0,0.0,0.0,1.4,5.8,0.0,5.8,0.0,0.0,35.0,0.0,2.4,0.0,0.0,29.4,0.0,0.0,11.2,6.0,0.0,Outono,18,Normal,1984
469001,2,1984-04-01,1,109.6,283.7,12.0,15,0.0,18.2,0.0,0.0,0.3,4.8,0.0,0.0,7.6,0.0,27.8,109.6,0.0,0.0,0.0,0.0,13.8,7.8,0.6,27.2,21.4,0.0,0.0,2.6,7.8,33.4,0.8,0.0,0.0,0.0,,Outono,15,Muito Chuvoso,1984
469001,1,1984-04-01,1,214.4,476.70000000000005,21.0,15,0.0,18.2,0.0,0.0,0.3,4.8,0.0,0.0,7.6,0.0,27.8,109.6,0.0,0.0,0.0,0.0,13.8,7.8,0.6,27.2,214.4,0.0,0.0,2.6,7.8,33.4,0.8,0.0,0.0,0.0,,Outono,15,Muito Chuvoso,1984
469001,2,1984-03-01,1,80.0,211.79999999999998,12.0,13,0.0,12.2,0.0,0.0,0.0,4.2,6.2,2.4,1.8,31.6,0.0,80.0,0.0,0.0,2.2,0.0,3.8,0.0,0.0,0.0,0.0,0.0,15.6,0.0,1.2,0.0,0.0,0.0,0.0,40.0,10.6,Outono,18,Normal,1984
469001,1,1984-03-01,1,80.0,211.79999999999998,12.0,13,0.0,12.2,0.0,0.0,0.0,4.2,6.2,2.4,1.8,31.6,0.0,80.0,0.0,0.0,2.2,0.0,3.8,0.0,0.0,0.0,0.0,0.0,15.6,0.0,1.2,0.0,0.0,0.0,0.0,40.0,10.6,Outono,18,Normal,1984
469001,2,1984-02-01,1,66.8,488.59999999999997,7.0,20,20.8,30.8,20.4,0.0,47.0,0.0,66.8,8.2,0.0,49.0,20.0,0.0,10.4,1.0,0.0,28.2,3.0,0.0,0.0,8.4,0.0,54.0,2.4,21.2,24.0,2.0,0.0,60.8,10.2,,,Verão,9,Muito Chuvoso,1984
469001,1,1984-02-01,1,66.8,488.59999999999997,7.0,20,20.8,30.8,20.4,0.0,47.0,0.0,66.8,8.2,0.0,49.0,20.0,0.0,10.4,1.0,0.0,28.2,3.0,0.0,0.0,8.4,0.0,54.0,2.4,21.2,24.0,2.0,0.0,60.8,10.2,,,Verão,9,Muito Chuvoso,1984
469001,2,1984-01-01,1,95.0,203.8,,7,0.0,0.0,0.0,0.0,0.0,0.0,0.0,0.0,0.0,0.0,0.0,0.0,0.0,0.0,0.0,0.0,0.0,41.8,0.0,0.0,12.8,95.0,0.0,0.0,0.0,1.8,29.8,0.0,4.6,0.0,18.0,Verão,24,Normal,1984
469001,1,1984-01-01,1,95.0,203.8,22.0,7,0.0,0.0,0.0,0.0,0.0,0.0,0.0,0.0,0.0,0.0,0.0,0.0,0.0,0.0,0.0,0.0,0.0,41.8,0.0,0.0,12.8,95.0,0.0,0.0,0.0,1.8,29.8,0.0,4.6,0.0,18.0,Verão,24,Normal,1984
469001,2,1983-12-01,1,86.2,282.4,9.0,11,0.0,0.0,0.0,0.0,44.8,0.0,0.0,0.0,86.2,13.4,33.8,0.0,0.0,0.0,21.0,0.0,0.0,0.0,0.0,12.8,0.0,18.6,9.8,0.0,0.0,32.0,4.0,0.0,0.0,6.0,0.0,Verão,20,Muito Chuvoso,1983
469001,1,1983-12-01,1,86.2,282.4,9.0,11,0.0,0.0,0.0,0.0,44.8,0.0,0.0,0.0,86.2,13.4,33.8,0.0,0.0,0.0,21.0,0.0,0.0,0.0,0.0,12.8,0.0,18.6,9.8,0.0,0.0,32.0,4.0,0.0,0.0,6.0,0.0,Verão,20,Muito Chuvoso,1983
469001,2,1983-11-01,1,43.0,111.4,16.0,8,20.6,0.0,0.0,4.8,0.0,0.0,0.0,0.0,12.6,0.0,0.0,3.8,0.0,0.0,0.0,43.0,0.0,4.2,6.4,0.0,0.0,0.0,0.0,0.0,0.0,0.0,0.0,0.0,16.0,0.0,,Primavera,22,Muito Seco,1983
469001,1,1983-11-01,1,43.0,111.4,16.0,8,20.6,0.0,0.0,4.8,0.0,0.0,0.0,0.0,12.6,0.0,0.0,3.8,0.0,0.0,0.0,43.0,0.0,4.2,6.4,0.0,0.0,0.0,0.0,0.0,0.0,0.0,0.0,0.0,16.0,0.0,,Primavera,22,Muito Seco,1983
469001,2,1983-10-01,1,41.8,251.89999999999998,1.0,15,41.8,0.0,32.4,10.8,0.0,5.1,24.8,10.4,36.4,0.0,1.2,0.0,35.8,0.0,6.4,0.0,0.0,0.0,2.5,0.0,35.4,0.0,0.0,1.5,0.0,0.0,2.6,0.0,4.8,0.0,0.0,Primavera,16,Normal,1983
469001,1,1983-10-01,1,51.0,387.79999999999995,6.0,15,41.8,0.0,32.4,10.8,0.0,51.0,24.8,10.4,36.4,0.0,12.0,0.0,35.8,0.0,6.4,0.0,0.0,0.0,25.0,0.0,35.4,0.0,0.0,15.0,0.0,0.0,2.6,0.0,48.0,0.0,0.0,Primavera,16,Muito Chuvoso,1983
469001,2,1983-09-01,1,24.8,45.5,10.0,7,0.0,0.0,3.6,0.0,0.0,0.0,0.0,0.0,4.6,24.8,0.0,0.0,0.0,0.0,0.0,0.0,0.0,3.0,3.4,0.9,0.0,0.0,0.0,0.0,0.0,0.0,0.0,5.2,0.0,0.0,,Primavera,23,Muito Seco,1983
469001,1,1983-09-01,1,40.6,140.89999999999998,9.0,7,0.0,0.0,36.0,0.0,0.0,0.0,0.0,0.0,40.6,24.8,0.0,0.0,0.0,0.0,0.0,0.0,0.0,30.0,3.4,0.9,0.0,0.0,0.0,0.0,0.0,0.0,0.0,5.2,0.0,0.0,,Primavera,23,Normal,1983
469001,2,1983-08-01,1,33.4,88.5,10.0,9,0.0,0.0,0.0,0.0,0.0,0.0,0.0,0.0,8.4,33.4,7.8,2.5,0.0,0.0,0.0,0.0,9.8,6.8,0.0,0.0,0.0,0.0,0.0,0.0,0.0,0.0,0.0,8.0,0.0,10.8,1.0,Inverno,22,Muito Seco,1983
469001,1,1983-08-01,1,33.4,88.5,10.0,9,0.0,0.0,0.0,0.0,0.0,0.0,0.0,0.0,8.4,33.4,7.8,2.5,0.0,0.0,0.0,0.0,9.8,6.8,0.0,0.0,0.0,0.0,0.0,0.0,0.0,0.0,0.0,8.0,0.0,10.8,1.0,Inverno,22,Muito Seco,1983
469001,2,1983-07-01,1,30.2,114.2,25.0,11,0.0,0.0,0.0,10.0,0.0,0.0,6.4,14.8,0.0,0.0,0.0,0.0,0.0,0.0,2.8,6.4,7.0,6.2,0.0,0.0,0.0,0.0,0.0,17.4,30.2,12.2,0.8,0.0,0.0,0.0,0.0,Inverno,20,Muito Seco,1983
469001,1,1983-07-01,1,30.2,114.2,25.0,11,0.0,0.0,0.0,10.0,0.0,0.0,6.4,14.8,0.0,0.0,0.0,0.0,0.0,0.0,2.8,6.4,7.0,6.2,0.0,0.0,0.0,0.0,0.0,17.4,30.2,12.2,0.8,0.0,0.0,0.0,0.0,Inverno,20,Muito Seco,1983
469001,2,1983-06-01,1,17.8,61.39999999999999,1.0,5,17.8,0.0,0.0,0.0,0.0,0.0,0.0,12.2,0.0,0.0,0.0,0.0,16.2,0.0,0.0,0.0,0.0,0.0,0.0,0.0,0.0,0.0,9.2,0.0,0.0,6.0,0.0,0.0,0.0,0.0,,Inverno,25,Muito Seco,1983
469001,1,1983-06-01,1,17.8,61.39999999999999,1.0,5,17.8,0.0,0.0,0.0,0.0,0.0,0.0,12.2,0.0,0.0,0.0,0.0,16.2,0.0,0.0,0.0,0.0,0.0,0.0,0.0,0.0,0.0,9.2,0.0,0.0,6.0,0.0,0.0,0.0,0.0,,Inverno,25,Muito Seco,1983
469001,2,1983-05-01,1,73.8,279.8,19.0,11,52.0,0.0,0.0,12.8,0.0,0.0,0.0,28.4,0.0,30.6,18.0,6.4,1.4,0.0,28.2,0.0,0.0,0.0,73.8,0.0,4.4,0.0,0.0,23.8,0.0,0.0,0.0,0.0,0.0,0.0,0.0,Outono,20,Muito Chuvoso,1983
469001,1,1983-05-01,1,73.8,279.8,19.0,11,52.0,0.0,0.0,12.8,0.0,0.0,0.0,28.4,0.0,30.6,18.0,6.4,1.4,0.0,28.2,0.0,0.0,0.0,73.8,0.0,4.4,0.0,0.0,23.8,0.0,0.0,0.0,0.0,0.0,0.0,0.0,Outono,20,Muito Chuvoso,1983
469001,2,1983-04-01,1,69.2,241.5,9.0,15,0.0,30.4,0.0,2.0,0.0,6.0,4.4,0.0,69.2,16.6,0.0,0.0,0.0,4.6,12.2,4.8,0.0,2.5,0.0,0.0,13.8,6.6,14.8,46.4,0.0,0.0,7.2,0.0,0.0,0.0,,Outono,15,Normal,1983
469001,1,1983-04-01,1,72.0,424.2,27.0,15,0.0,30.4,0.0,2.0,0.0,60.0,4.4,0.0,69.2,16.6,0.0,0.0,0.0,46.0,12.2,4.8,0.0,25.0,0.0,0.0,13.8,6.6,14.8,46.4,0.0,0.0,72.0,0.0,0.0,0.0,,Outono,15,Muito Chuvoso,1983
469001,2,1983-03-01,1,87.8,262.0,30.0,11,0.0,0.0,0.0,0.0,0.0,0.0,0.0,8.4,0.0,7.2,35.2,0.0,5.0,0.0,0.0,0.0,2.0,38.2,0.0,0.0,0.0,11.2,0.0,4.6,0.0,0.0,23.2,0.0,39.2,87.8,0.0,Outono,20,Normal,1983
469001,1,1983-03-01,1,87.8,262.0,30.0,11,0.0,0.0,0.0,0.0,0.0,0.0,0.0,8.4,0.0,7.2,35.2,0.0,5.0,0.0,0.0,0.0,2.0,38.2,0.0,0.0,0.0,11.2,0.0,4.6,0.0,0.0,23.2,0.0,39.2,87.8,0.0,Outono,20,Normal,1983
469001,2,1983-02-01,1,85.0,380.4,18.0,11,0.0,22.6,0.0,0.0,56.0,27.2,0.0,0.0,0.0,0.0,3.8,0.0,0.0,0.0,0.0,23.4,0.0,85.0,0.0,0.0,33.6,82.6,28.8,15.4,0.0,0.0,2.0,0.0,,,,Verão,17,Muito Chuvoso,1983
469001,1,1983-02-01,1,85.0,380.4,18.0,11,0.0,22.6,0.0,0.0,56.0,27.2,0.0,0.0,0.0,0.0,3.8,0.0,0.0,0.0,0.0,23.4,0.0,85.0,0.0,0.0,33.6,82.6,28.8,15.4,0.0,0.0,2.0,0.0,,,,Verão,17,Muito Chuvoso,1983
469001,2,1983-01-01,1,54.2,171.8,6.0,12,10.6,0.0,0.8,0.0,0.0,54.2,13.0,18.4,0.0,0.0,0.0,16.8,0.0,0.0,6.4,0.0,12.0,24.8,0.0,0.3,0.0,0.0,0.0,13.7,0.0,0.0,0.0,0.0,0.0,0.8,0.0,Verão,19,Normal,1983
469001,1,1983-01-01,1,54.2,171.8,6.0,12,10.6,0.0,0.8,0.0,0.0,54.2,13.0,18.4,0.0,0.0,0.0,16.8,0.0,0.0,6.4,0.0,12.0,24.8,0.0,0.3,0.0,0.0,0.0,13.7,0.0,0.0,0.0,0.0,0.0,0.8,0.0,Verão,19,Normal,1983
469001,2,1982-12-01,1,14.6,49.8,25.0,6,0.0,0.0,0.0,0.0,0.0,0.0,0.0,13.2,0.0,0.0,0.0,0.3,0.0,0.0,0.0,8.8,0.0,0.0,0.0,0.0,0.0,0.0,0.0,0.0,14.6,0.0,0.5,0.0,0.0,12.4,0.0,Verão,25,Muito Seco,1982
469001,1,1982-12-01,1,14.6,49.8,25.0,6,0.0,0.0,0.0,0.0,0.0,0.0,0.0,13.2,0.0,0.0,0.0,0.3,0.0,0.0,0.0,8.8,0.0,0.0,0.0,0.0,0.0,0.0,0.0,0.0,14.6,0.0,0.5,0.0,0.0,12.4,0.0,Verão,25,Muito Seco,1982
469001,2,1982-11-01,1,85.6,431.19999999999993,4.0,17,0.0,0.0,41.0,85.6,0.0,0.0,50.0,16.6,8.8,0.8,35.6,6.8,9.4,0.0,0.0,37.6,12.2,6.4,4.3,0.0,0.0,10.2,62.8,38.4,0.0,0.0,0.0,0.0,0.0,4.7,,Primavera,13,Muito Chuvoso,1982
469001,1,1982-11-01,1,85.6,431.19999999999993,4.0,17,0.0,0.0,41.0,85.6,0.0,0.0,50.0,16.6,8.8,0.8,35.6,6.8,9.4,0.0,0.0,37.6,12.2,6.4,4.3,0.0,0.0,10.2,62.8,38.4,0.0,0.0,0.0,0.0,0.0,4.7,,Primavera,13,Muito Chuvoso,1982
469001,2,1982-10-01,1,63.8,218.1,25.0,11,0.0,0.0,0.0,14.4,0.0,0.0,0.0,0.3,12.0,0.0,0.0,0.0,0.2,0.0,23.6,0.0,13.0,39.6,0.0,0.0,11.6,0.0,0.0,0.0,63.8,0.0,0.0,0.0,15.4,0.0,24.2,Primavera,20,Normal,1982
469001,1,1982-10-01,1,63.8,218.1,25.0,11,0.0,0.0,0.0,14.4,0.0,0.0,0.0,0.3,12.0,0.0,0.0,0.0,0.2,0.0,23.6,0.0,13.0,39.6,0.0,0.0,11.6,0.0,0.0,0.0,63.8,0.0,0.0,0.0,15.4,0.0,24.2,Primavera,20,Normal,1982
469001,2,1982-09-01,1,75.0,356.7,25.0,17,0.0,47.4,0.0,0.0,14.6,24.8,22.4,0.0,17.6,0.0,0.0,0.0,0.0,25.0,0.0,0.0,23.8,0.0,16.2,0.0,16.2,10.2,4.3,6.9,75.0,0.0,5.9,9.4,13.8,23.2,,Primavera,13,Muito Chuvoso,1982
469001,1,1982-09-01,1,75.0,356.7,25.0,17,0.0,47.4,0.0,0.0,14.6,24.8,22.4,0.0,17.6,0.0,0.0,0.0,0.0,25.0,0.0,0.0,23.8,0.0,16.2,0.0,16.2,10.2,4.3,6.9,75.0,0.0,5.9,9.4,13.8,23.2,,Primavera,13,Muito Chuvoso,1982
469001,2,1982-08-01,1,24.0,125.2,14.0,11,0.0,0.0,0.0,4.7,0.0,0.0,0.2,0.0,8.0,0.0,0.0,0.0,0.0,24.0,0.0,0.2,16.0,18.2,0.0,11.4,0.0,0.0,0.0,14.0,4.5,0.0,0.0,0.0,0.0,24.0,0.0,Inverno,20,Muito Seco,1982
469001,1,1982-08-01,1,24.0,125.2,14.0,11,0.0,0.0,0.0,4.7,0.0,0.0,0.2,0.0,8.0,0.0,0.0,0.0,0.0,24.0,0.0,0.2,16.0,18.2,0.0,11.4,0.0,0.0,0.0,14.0,4.5,0.0,0.0,0.0,0.0,24.0,0.0,Inverno,20,Muito Seco,1982
